pr_number,complexity_score,complexity_rationale,quality_score,quality_rationale,model_used,analyzed_at
58495,3,parse_error,3,parse_error,deepseek/deepseek-v4-flash:free,2026-05-15T00:43:33.632755
58500,3,parse_error,3,parse_error,deepseek/deepseek-v4-flash:free,2026-05-15T00:43:37.979274
58493,4,"This is an architectural change, adding conversation ID support to MCP calls across multiple files.",4,"The PR was approved and shipped cleanly with only a minor dependency bump, but it required a second pass after the SDK had already shipped to 0.0.4.",deepseek/deepseek-v4-flash:free,2026-05-15T00:43:41.426745
58491,3,parse_error,3,parse_error,deepseek/deepseek-v4-flash:free,2026-05-15T00:43:45.191832
58492,4,"This PR adds a new notification API scope, serializer help_text, MCP tool registration, and OpenAPI annotations across seven files.",3,"Review comments correctly identify misadvertisement of write scope, project-scoped token cross-project access, and feature flag silent-200 for MCP agents — quality is decent but flawed.",deepseek/deepseek-v4-flash:free,2026-05-15T00:44:07.849100
58489,3,The PR is straightforward but has flagged backend issues and a placeholder approach.,3,no explanation provided,deepseek/deepseek-v4-flash:free,2026-05-15T00:44:09.538869
58487,3,"The PR description is entirely boilerplate (no problem, no changes, no testing), and the code has explicit review concerns about duplicated logic and poor test design.",2,no explanation provided,deepseek/deepseek-v4-flash:free,2026-05-15T00:44:11.769936
58482,3,This is a multi-file chore touching 9 files with 33 additions and 11 deletions.,5,"The PR was approved, deployed cleanly without issues, and the author proactively addressed the schema generation concern.",deepseek/deepseek-v4-flash:free,2026-05-15T00:44:19.421196
58479,3,The PR introduces a multi-file feature to expose uptime monitor data via HogQL and SQL insights.,2,The PR received extensive security and architectural feedback requiring rework.,deepseek/deepseek-v4-flash:free,2026-05-15T00:44:23.331542
58475,2,Single-file UI fix replacing a suspense fallback component.,4,"Clean, approved change with no rework cycles and a positive size impact.",deepseek/deepseek-v4-flash:free,2026-05-15T00:44:29.594889
58471,4,"This is an architectural, multi-file feature involving new session identifiers, plumbing through interfaces, with forward-looking scaffolding for a future integration.",3,no explanation provided,deepseek/deepseek-v4-flash:free,2026-05-15T00:44:34.312480
58470,5,0,2,"The PR introduced a major new CLI feature with 8 files and 520 changes, but contained serious security flaws (command injection, race conditions, unhandled promise rejections, Node18 compatibility bugs) requiring multiple bot reviews and several revision cycles.",deepseek/deepseek-v4-flash:free,2026-05-15T00:44:48.365023
58476,4,"The PR introduces a minimal definition detail page with new scene logic, route registration, and manifest changes across 23 files, indicating moderate complexity.",3,"The PR has no revert but received multiple P1/P2 bug reports from Greptile and requires fixes, though the overall quality is acceptable.",deepseek/deepseek-v4-flash:free,2026-05-15T00:44:57.903536
58469,3,"The description is just a template, no problem is defined; it is a 'ch: format cli' change to the package.",3,Both new definitions are good.,deepseek/deepseek-v4-flash:free,2026-05-15T00:45:02.819159
58466,2,"The PR received 3 review comments pointing out existing issues and a security issue, but no rework was done to address them.",2,no explanation provided,deepseek/deepseek-v4-flash:free,2026-05-15T00:45:40.371990
58461,5,"This is a major, multi-file, architectural feature involving code generation and core logic.",3,"Multiple bugs were identified in the review, and further revisions are required.",deepseek/deepseek-v4-flash:free,2026-05-15T00:45:41.164910
58459,4,no explanation provided,3,no explanation provided,deepseek/deepseek-v4-flash:free,2026-05-15T00:45:52.716900
58460,3,parse_error,3,parse_error,deepseek/deepseek-v4-flash:free,2026-05-15T00:46:07.153158
58458,3,3,4,No superfluous parts.,deepseek/deepseek-v4-flash:free,2026-05-15T00:46:18.719846
58443,2,Single-file additive change with no architectural impact.,4,Multiple approvals and successful deployment. Minor improvement possible (reduundant header read).,deepseek/deepseek-v4-flash:free,2026-05-15T00:46:33.323575
58457,3,no explanation provided,3,no explanation provided,deepseek/deepseek-v4-flash:free,2026-05-15T00:46:46.216308
58434,5,"High complexity due to multi-file architectural change: new model, API endpoints, Celery task, push dispatcher with guards, and front-end schema updates.",3,"Quality is moderate due to many review cycles and bot comments that identified bugs like cross-user token deletion, blocking HTTP calls, and stale locks; author addressed them but required rework.",deepseek/deepseek-v4-flash:free,2026-05-15T00:46:52.330791
58441,4,Multi-file feature requiring architectural changes,3,Multiple revisions with ongoing feedback,deepseek/deepseek-v4-flash:free,2026-05-15T00:46:53.521446
58431,4,"This PR creates a new CLI package with documentation, multiple scripts, and generated command definitions, touching 6 files with 819 additions and involving architectural changes.",3,"The PR has several revisions with code review feedback pointing out P1 issues like removed TTY guards and incorrect help display, requiring further fixes.",deepseek/deepseek-v4-flash:free,2026-05-15T00:46:59.618162
58432,4,"Multi-file feature adding status field, new endpoints, partial updates, migration, and frontend regeneration.",3,"Several review issues: missing select_related causing N+1 queries, a cross-team security vulnerability, and a silent reviewer stamp issue.",deepseek/deepseek-v4-flash:free,2026-05-15T00:47:09.500116
58428,3,parse_error,3,parse_error,deepseek/deepseek-v4-flash:free,2026-05-15T00:47:26.336325
58424,3,parse_error,3,parse_error,deepseek/deepseek-v4-flash:free,2026-05-15T00:47:44.252634
58430,3,no explanation provided,3,no explanation provided,deepseek/deepseek-v4-flash:free,2026-05-15T00:48:01.721564
58421,5,"Several review-driven rework cycles (per_permission_classes fix, test parameters, read-only fields, routing lookup keys) but all issues addressed in subsequent commits; not first-pass but not broken.",3,no explanation provided,deepseek/deepseek-v4-flash:free,2026-05-15T00:48:18.236878
58420,3,parse_error,3,parse_error,deepseek/deepseek-v4-flash:free,2026-05-15T00:48:26.264388
58418,4,"The PR introduces a new feature behind a flag, requires a migration, backend and frontend changes, and architectural decisions around the cap.",3,"The PR underwent multiple review cycles and had the TOCTOU warnings mentioned, indicating the team addressed the readiness.",deepseek/deepseek-v4-flash:free,2026-05-15T00:48:41.426233
58422,3,"The PR has several issues identified by Greptile including P1 issues: set() not catching errors, static import crashes on Linux, pnpm field, tsx moved only in lockfile.",3,no explanation provided,deepseek/deepseek-v4-flash:free,2026-05-15T00:48:57.691047
58409,4,"One human approval with no rework cycles, despite a bot's minor issues (timeout and lockfile).",4,no explanation provided,deepseek/deepseek-v4-flash:free,2026-05-15T00:49:50.970630
58400,3,parse_error,3,parse_error,deepseek/deepseek-v4-flash:free,2026-05-15T00:49:58.051093
58396,3,"Clean design with backward-compatible default, got rapid approvals, deployed cleanly, with one minor test coverage gap.",4,no explanation provided,deepseek/deepseek-v4-flash:free,2026-05-15T00:50:03.336137
58395,3,"The PR was approved by reviewers with minor inline suggestions for code clarity, but the code is clean overall.",4,no explanation provided,deepseek/deepseek-v4-flash:free,2026-05-15T00:50:38.720876
58390,3,parse_error,3,parse_error,deepseek/deepseek-v4-flash:free,2026-05-15T00:51:49.609961
58383,2,Simple single-file fix that adds a small constant set to three postgres connection calls.,4,Clean implementation with minor code duplication noted by reviewers; accepted with small improvements.,deepseek/deepseek-v4-flash:free,2026-05-15T00:51:57.878036
58382,3,parse_error,3,parse_error,deepseek/deepseek-v4-flash:free,2026-05-15T00:52:09.282669
58381,3,parse_error,3,parse_error,deepseek/deepseek-v4-flash:free,2026-05-15T00:52:38.813585
58379,5,5,4,4,deepseek/deepseek-v4-flash:free,2026-05-15T00:53:31.272510
58376,3,3,4,4,deepseek/deepseek-v4-flash:free,2026-05-15T00:53:47.997216
58417,3,"The PR is a non-trivial documentation addition across two files with 630 additions, involving reconciliation of multiple taxonomy groups.",2,The PR required multiple revision cycles based on numerous bot review comments about labeling inconsistencies and missing type annotations.,deepseek/deepseek-v4-flash:free,2026-05-15T00:53:50.427053
58370,2,"Single file change, one line replaced, fixing a link in an email template",4,"Clean, approved by reviewer, deployed successfully, no rework cycles",deepseek/deepseek-v4-flash:free,2026-05-15T00:53:55.802161
58368,2,no explanation provided,4,no explanation provided,deepseek/deepseek-v4-flash:free,2026-05-15T00:54:14.940785
58363,3,"Multi-file feature (6 files, 278+140 lines) introducing pagation methods in a Temporal workflow.",3,"PR with multiple inline reviews pointing out design flaws (rollout path fet all, cutoff time drift) and follow-up discussion, indicating 2-3 revisions.",deepseek/deepseek-v4-flash:free,2026-05-15T00:54:37.349585
58361,3,parse_error,3,parse_error,deepseek/deepseek-v4-flash:free,2026-05-15T00:54:50.051087
58371,3,parse_error,3,parse_error,deepseek/deepseek-v4-flash:free,2026-05-15T00:55:24.280628
58356,2,"The PR is a single fix that requires updating the attribute type values across multiple files (backend, frontend, logic, MCP, generated types), but no architectural or structural changes.",4,"The PR is clean, with automated checks passing, an approved review, and deployed successfully, indicating high quality albeit with automated testing only.",deepseek/deepseek-v4-flash:free,2026-05-15T00:55:46.840612
58359,3,parse_error,3,parse_error,deepseek/deepseek-v4-flash:free,2026-05-15T00:55:50.471824
58351,3,"Multi-file backend feature gating (2 files, 113 additions) with architectural nuance (project-level vs resource-level role overrides, explicit comments).",4,"Approved by human reviewer, tested, deployed; minor test coverage gap noted but not blocking.",deepseek/deepseek-v4-flash:free,2026-05-15T00:56:31.155945
58349,3,parse_error,3,parse_error,deepseek/deepseek-v4-flash:free,2026-05-15T00:56:42.306453
58336,2,Single-file fix—binding Kafka producer to a specific profile—trivial change.,4,"One commit, approved, deployed—no rework cycles.",deepseek/deepseek-v4-flash:free,2026-05-15T00:57:05.584740
58338,2,"The PR is a single-file, single-function fix adding two error codes to a retry classifier.",4,"The code is well-documented, correctly addresses a real bug, has been reviewed and approved, and deploys successfully; however, the review identified missing unit tests which lowers the score to 4.",deepseek/deepseek-v4-flash:free,2026-05-15T00:57:26.322473
58333,4,"Multi-file change touching framework, Celery, signal, and test layers, with deferred imports and architectural decisions.",5,"Agent-authored code passes tests, signal checks update_fields, user's manual repro confirms the fix eliminates the stale health issue, and the PR has clean, well-justified design decisions.",deepseek/deepseek-v4-flash:free,2026-05-15T00:57:39.174575
58328,2,no explanation provided,4,no explanation provided,deepseek/deepseek-v4-flash:free,2026-05-15T00:58:19.785932
58331,3,parse_error,3,parse_error,deepseek/deepseek-v4-flash:free,2026-05-15T00:58:25.278028
58321,1,"PR is trivial: pure deletion of a single stale markdown file, no code changes, no logic, no contract impact.",5,"PR is first-pass perfect: clean deletion with clear problem statement, no rework, approved by bot, all tests pass.",deepseek/deepseek-v4-flash:free,2026-05-15T00:58:29.020235
58322,3,parse_error,3,parse_error,deepseek/deepseek-v4-flash:free,2026-05-15T00:59:43.997481
58318,2,The change is a single constant change in one file.,5,"The change is first-pass perfect, approved, with clear problem and testing.",deepseek/deepseek-v4-flash:free,2026-05-15T00:59:53.064426
58317,3,The PR modifies a multi-file feature (3) to restore date labels on dashboard tiles when overrides are applied and includes a fix for null handling after review feedback.,4,"The PR had an initial null-handling issue flagged in review but was clean after fix, and the unit tests and code paths were verified without changes.",deepseek/deepseek-v4-flash:free,2026-05-15T01:00:17.319885
58314,3,parse_error,3,parse_error,deepseek/deepseek-v4-flash:free,2026-05-15T01:00:51.182168
58312,1,"The change is purely additive and declarative, adding three scope entries to two files following the existing pattern.",5,"The change was made first-pass without rework cycles, received approvals and no dismisses, and directly addressed the security concern with a disabled write action and comment.",deepseek/deepseek-v4-flash:free,2026-05-15T01:01:25.336685
58303,3,"The PR involves a revert of a revert, with 2 file changes and a diff spanning multiple sections.",4,"The PR includes a revert of a revert, with a critical bug that required a review and fall-through logic change, and the PR includes assert checks to avoid regression.",deepseek/deepseek-v4-flash:free,2026-05-15T01:01:46.114049
58301,2,PR rever,3,several comments flag reg bugs,deepseek/deepseek-v4-flash:free,2026-05-15T01:02:02.441876
58300,1,1 but it's a revert; many changes but no feature or architectural change.,1,"1 but it's a revert of a prior commit, removing useful tests.",deepseek/deepseek-v4-flash:free,2026-05-15T01:02:21.797385
58298,3,parse_error,3,parse_error,deepseek/deepseek-v4-flash:free,2026-05-15T01:02:39.931474
58304,3,Multi-file AST slots addition requires attention to inheritance hierarchy,3,Revert-reapply cycle with snapshot updates indicates some revisions,deepseek/deepseek-v4-flash:free,2026-05-15T01:03:06.161360
58289,3,parse_error,3,parse_error,deepseek/deepseek-v4-flash:free,2026-05-15T01:03:16.400710
58282,3,parse_error,3,parse_error,deepseek/deepseek-v4-flash:free,2026-05-15T01:04:30.166301
58288,2,"Multi-file flag consolidation, not architecturally significant.",4,"Clearently approved without discussed, minimal rework.",deepseek/deepseek-v4-flash:free,2026-05-15T01:05:05.182901
58269,4,"Multi-file feature requiring careful architectural changes for caching, frame-walk detection, metrics",3,no explanation provided,deepseek/deepseek-v4-flash:free,2026-05-15T01:05:30.032446
58267,4,"The PR is clean with thorough benchmarks, all tests pass, and only minor review suggestions (assert vs raise under -O), but it was not first-pass perfect.",4,no explanation provided,deepseek/deepseek-v4-flash:free,2026-05-15T01:05:40.173499
58273,3,parse_error,3,parse_error,deepseek/deepseek-v4-flash:free,2026-05-15T01:06:23.065372
58265,1,one-line addition of a soft CODEOWNERS entry with no production logic changes.,5,"first-pass perfect, approved by team member, deployed successfully with no revisions.",deepseek/deepseek-v4-flash:free,2026-05-15T01:07:05.066957
58266,3,is 3,3,is 3,deepseek/deepseek-v4-flash:free,2026-05-15T01:07:05.693427
58264,3,parse_error,3,parse_error,deepseek/deepseek-v4-flash:free,2026-05-15T01:07:17.756630
58261,1,"A one-line prop swap across 8 files with no logic, API, or data model changes",5,"First-pass perfect, approved by bots, no rework cycles",deepseek/deepseek-v4-flash:free,2026-05-15T01:07:23.932807
58263,2,Single fix across 7 files: same bug in each,4,"Approved and clean, mechanical conversion following proven fix",deepseek/deepseek-v4-flash:free,2026-05-15T01:07:44.960021
58254,3,parse_error,3,parse_error,deepseek/deepseek-v4-flash:free,2026-05-15T01:07:52.232484
58253,5,"The PR is a major feature adding 2170 lines across 14 files, including a new query runner, API endpoint, client wrapper, and schema updates.",3,"The PR underwent multiple review cycles addressing significant bugs including precision errors, data races, and filter translations, but was not reverted.",deepseek/deepseek-v4-flash:free,2026-05-15T01:08:21.993113
58255,3,parse_error,3,parse_error,deepseek/deepseek-v4-flash:free,2026-05-15T01:08:22.134160
58249,2,"The PR is small, targeted bugfix with two null-guards, no new feature, and no architectural change.",4,"One revision was made to use parameterized tests based on reviewer suggestion, but the fix is clean, approved, and tested.",deepseek/deepseek-v4-flash:free,2026-05-15T01:09:36.517076
58238,2,"Single-file fix for a Temporal bug, straightforward change.",5,First-pass perfect with all reviews approved and no rework cycles.,deepseek/deepseek-v4-flash:free,2026-05-15T01:10:05.682043
58234,3,"This PR involves a timing bug in a multi-file context (surveyWizardLogic, surveyLogic) and requires understanding of lifecycle hooks and URL hash parameters, making it moderate complexity.",3,no explanation provided,deepseek/deepseek-v4-flash:free,2026-05-15T01:10:18.342940
58226,3,28,3,"The PR had multiple revision cycles (e.g., fixing OTel API usage, adding auth.matched attributes, parameterizing tests) before reaching a clean state.",deepseek/deepseek-v4-flash:free,2026-05-15T01:10:29.274981
58219,2,trivial docs,2,many rework cycles,deepseek/deepseek-v4-flash:free,2026-05-15T01:11:23.288139
58212,3,"The PR is a multi-file refactor that adds a compression output cap and new error type, spanning 4 files across feature flags and common compression, but is still moderate complexity",4,"The PR has complete tests for the new cap, careful handling of overflow, clear documentation of threat model, and received approvals with only minor coding issues noted",deepseek/deepseek-v4-flash:free,2026-05-15T01:11:31.139865
58209,3,Multi-file feature adding separate bulk connection pools.,3,Code required 2-3 revision cycles after initial review feedback.,deepseek/deepseek-v4-flash:free,2026-05-15T01:11:41.638838
58204,2,"This PR is a simple, single-purpose fix involving a rename across three files.",5,"The change was clean, properly tested, passed all CI checks, and was approved on the first pass—a model of a perfect, low-risk improvement.",deepseek/deepseek-v4-flash:free,2026-05-15T01:11:54.865493
58217,3,no explanation provided,4,no explanation provided,deepseek/deepseek-v4-flash:free,2026-05-15T01:11:59.725678
58202,3,Two-file change altering metrics logic and expanding rdkafka error code tags.,3,Approved with minor comment fix and deployed on multiple environments.,deepseek/deepseek-v4-flash:free,2026-05-15T01:12:10.061533
58203,4,"One human reviewer approved with one comment; bot reviews flagged several medium-severity issues, one was fixed inline",3,no explanation provided,deepseek/deepseek-v4-flash:free,2026-05-15T01:12:14.364126
58196,2,"The change is a straightforward single-file, two-line addition wiring the hasUnsavedInput prop to LemonModal, with well-documented dirtiness semantics.",5,"The PR was first-pass perfect with no revisions needed, was clearly approved, and has a comprehensive description of the problem, solution, and testing steps.",deepseek/deepseek-v4-flash:free,2026-05-15T01:12:24.130113
58195,3,"The PR involves multiple file changes (2 files) and introduces a new workflow classification that modifies the skill's behavior, but is not a major architectural change—it's a chore optimizing session URL handling.",3,"The PR went through several revision cycles with comments from reviewers addressing formatting and contradictions, though it was ultimately approved and deployed.",deepseek/deepseek-v4-flash:free,2026-05-15T01:12:33.525939
58200,3,This is a multi-file feature that adds a new skill guide for adding an RPC to the personhog cluster.,3,The PR is approved but has multiple rounds of review feedback and discussion.,deepseek/deepseek-v4-flash:free,2026-05-15T01:12:50.830457
58189,3,parse_error,3,parse_error,deepseek/deepseek-v4-flash:free,2026-05-15T01:13:01.518780
58192,2,"First-pass clean with tests, well described, minimal scope, approved.",4,no explanation provided,deepseek/deepseek-v4-flash:free,2026-05-15T01:13:05.795177
58188,3,Multi-file feature adding variants to the Progress component.,3,PR has unresolved design discussions and code review concerns about accessibility and chroma.,deepseek/deepseek-v4-flash:free,2026-05-15T01:13:52.185242
58186,3,Multiple code review comments and discussion indicates flaws requiring fixes before final approval.,3,no explanation provided,deepseek/deepseek-v4-flash:free,2026-05-15T01:13:57.414304
58184,3,"Multi-file, moderate detail (4 files, 326 added, 201 removed, 4 files) changes across monitoring skill files.",4,"Approved quickly, deployed cleanly across dev and prod, with only minor inline feedback that was addressed.",deepseek/deepseek-v4-flash:free,2026-05-15T01:14:05.637819
58187,4,"The PR passed automated tests (94 tests), deployed across dev and prod, and the review feedback was addressed via a follow-up commit.",5,no explanation provided,deepseek/deepseek-v4-flash:free,2026-05-15T01:14:10.233950
58181,3,parse_error,3,parse_error,deepseek/deepseek-v4-flash:free,2026-05-15T01:14:16.165653
58180,1,3,5,no explanation provided,deepseek/deepseek-v4-flash:free,2026-05-15T01:15:53.285363
58172,3,parse_error,3,parse_error,deepseek/deepseek-v4-flash:free,2026-05-15T01:15:58.648189
58169,3,"3: Multi-file feature across 2 files; adds a config field, validation, and logic to a shared Dagster op.",5,"5: First-pass perfect with thorough tests, approval, and no rework cycles.",deepseek/deepseek-v4-flash:free,2026-05-15T01:16:03.015213
58174,3,parse_error,3,parse_error,deepseek/deepseek-v4-flash:free,2026-05-15T01:16:04.316735
58168,2,The change is a single-function bug fix spread across one production file and one test file.,4,no explanation provided,deepseek/deepseek-v4-flash:free,2026-05-15T01:16:11.184129
58164,3,Multi-file change with a small architectural gating of a feature to avoid noise.,4,"PR with one approval, clean description, and only a minor test improvement suggestion.",deepseek/deepseek-v4-flash:free,2026-05-15T01:16:23.857007
58161,2,"Single-file, one-line change that adds a missing dependency to a React useEffect hook.",4,"Approved by a reviewer after a clean, minimal single-line fix with clear rationale and no reverted/rework cycles.",deepseek/deepseek-v4-flash:free,2026-05-15T01:16:28.056695
58163,3,"2-3 revisions indicated by bot reviews pointing out issues (RecordingsQuery bypassing, superfluous assertion, duplicate fixture).",3,no explanation provided,deepseek/deepseek-v4-flash:free,2026-05-15T01:16:54.999817
58160,3,"Multi-file bug fix that introduces a new helper and modifies three components, but is a focused single-issue change.",5,"First-pass perfect, all tests are green, review approved, no rework cycles.",deepseek/deepseek-v4-flash:free,2026-05-15T01:17:00.101476
58159,3,parse_error,3,parse_error,deepseek/deepseek-v4-flash:free,2026-05-15T01:17:01.525788
58147,3,"The PR is a multi-file (13 files) extraction and deduping of shared helpers across hog-charts library, but within a single library, and not an architectural change",5,"This PR received approval, has detailed thorough description, verification plan, and test plan, and did not require rework cycles",deepseek/deepseek-v4-flash:free,2026-05-15T01:17:09.617815
58158,3,parse_error,3,parse_error,deepseek/deepseek-v4-flash:free,2026-05-15T01:17:12.525427
58140,3,"The PR was approved with minor comments that were addressed, and no revert.",4,no explanation provided,deepseek/deepseek-v4-flash:free,2026-05-15T01:17:23.668840
58139,2,"The code was clean, properly typed, approved by a reviewer, and deployed successfully with no reveral.",4,no explanation provided,deepseek/deepseek-v4-flash:free,2026-05-15T01:17:27.757096
58136,3,parse_error,3,parse_error,deepseek/deepseek-v4-flash:free,2026-05-15T01:18:00.664086
58130,4,"Multi-file feature with new UI app, extended chart palette, type inference changes, and a tricky date formatting fix.",4,First-pass perfect after addressing code review issues raised by Greptile. Reviewer approval and deployment success.,deepseek/deepseek-v4-flash:free,2026-05-15T01:18:11.150942
58146,3,parse_error,3,parse_error,deepseek/deepseek-v4-flash:free,2026-05-15T01:18:11.673080
58128,3,parse_error,3,parse_error,deepseek/deepseek-v4-flash:free,2026-05-15T01:18:18.889724
58127,2,This is a single-file fix involving three added lines across two files to copy a missing bundle.,5,"The PR is well-documented, thoroughly tested end-to-end, approved by a reviewer, and deployed with no issues.",deepseek/deepseek-v4-flash:free,2026-05-15T01:18:26.587728
58129,3,"The changes are small, adding a gated validation to the schema in a focused way.",4,"The quality is clean with good test coverage and safe flags, despite minor naming issues.",deepseek/deepseek-v4-flash:free,2026-05-15T01:18:39.065410
58124,4,Clean after multiple revisions addressing inline concerns.,4,no explanation provided,deepseek/deepseek-v4-flash:free,2026-05-15T01:18:44.266871
58120,2,Clean removal with multiple automated reviews confirm correctness.,4,"Automated reviews passed, no regions identified, but the PR also lacks human-in-the loop.",deepseek/deepseek-v4-flash:free,2026-05-15T01:19:36.320957
58123,3,parse_error,3,parse_error,deepseek/deepseek-v4-flash:free,2026-05-15T01:19:49.576516
58119,3,parse_error,3,parse_error,deepseek/deepseek-v4-flash:free,2026-05-15T01:19:50.394621
58118,3,parse_error,3,parse_error,deepseek/deepseek-v4-flash:free,2026-05-15T01:20:01.575837
58117,3,"Multi-file change touching config, script, and documentation, but three revisions needed.",2,"Multiple revisions required, with rework cycles addressing flaws introduced in first pass.",deepseek/deepseek-v4-flash:free,2026-05-15T01:20:10.158556
58116,3,no explanation provided,4,no explanation provided,deepseek/deepseek-v4-flash:free,2026-05-15T01:20:33.120760
58113,2,"This is a single file, four-line removal of a CODEOWNERS entry that is trivial and non-functional.",5,"The PR was approved by two reviewers, deployed to all environments, and the author's description makes thorough verification via git diff.",deepseek/deepseek-v4-flash:free,2026-05-15T01:20:50.526741
58112,2,"The change is a small, single-file URL redirect fix.",4,The PR was approved quickly with no rework and deployed successfully.,deepseek/deepseek-v4-flash:free,2026-05-15T01:21:10.597915
58114,3,parse_error,3,parse_error,deepseek/deepseek-v4-flash:free,2026-05-15T01:21:26.300665
58100,3,parse_error,3,parse_error,deepseek/deepseek-v4-flash:free,2026-05-15T01:21:30.063028
58111,3,"This is a multi-file feature that modifies two files (85 added, 15 removed) and introduces a new RuntimeError logic to handle soft-failure cases in the FF response for the PoE backfill.",4,"The PR is clean, well-explained, tested thoroughly (+6 new cases, 17 passed), deployed in dev & prod, and despite one gate denial (which is automated approval blocked) and some rework cycles.",deepseek/deepseek-v4-flash:free,2026-05-15T01:21:30.794305
58095,4,"This is an architectural change involving lazy-loading of the authenticated shell, reusing chunk-load error boundaries, and multiple file changes.",3,"The PR was accepted after several revisions addressing all comments from automated reviews and a human approval - however, the iterative nature and the rework cycles suggest it wasn't a first-pass perfect change.",deepseek/deepseek-v4-flash:free,2026-05-15T01:21:46.942476
58097,1,1.5,1,1,deepseek/deepseek-v4-flash:free,2026-05-15T01:22:04.974862
58093,3,parse_error,3,parse_error,deepseek/deepseek-v4-flash:free,2026-05-15T01:22:23.876161
58094,4,Multi-file feature addition with architectural changes to backend logic.,3,"PR had many reviews and fixes, but no reverted/broken state.",deepseek/deepseek-v4-flash:free,2026-05-15T01:23:09.034406
58092,3,"The PR is clean after one revision addressing all review feedback, with all bot comments resolved and follow-up commits applied.",4,no explanation provided,deepseek/deepseek-v4-flash:free,2026-05-15T01:23:23.840326
58089,4,"Architectural refactor with vendoring, moving types, removing imports, handling review feedback across logically connected changes across work.",4,"Multiple bot feedback, bestreview addressed, test operations, clarity, reexportory, test operations, clarity, reexport time, one review cycle configuration.",deepseek/deepseek-v4-flash:free,2026-05-15T01:23:29.019571
58091,2,The PR is a trivial single-file defensive fix wrapping settings components in an existing ErrorBoundary.,5,"The PR was approved on first-pass and is clearly explained, tested, and purely additive.",deepseek/deepseek-v4-flash:free,2026-05-15T01:23:42.780925
58087,3,The fix required understanding placeholder resolution in backend parse_select and implementing a 3-file frontend change.,4,"The fix is technically correct with tests, but needed several review iterations to align comments and code.",deepseek/deepseek-v4-flash:free,2026-05-15T01:24:20.305298
58077,3,parse_error,3,parse_error,deepseek/deepseek-v4-flash:free,2026-05-15T01:24:28.451571
58075,3,parse_error,3,parse_error,deepseek/deepseek-v4-flash:free,2026-05-15T01:24:38.581895
58074,3,"Multi-file feature (3 files) involving new component wiring to existing logic, a 'pure frontend composition' (3).",4,"Clean, addressed substantive review concerns inline, merged, but had 4 review cycles (non-3).",deepseek/deepseek-v4-flash:free,2026-05-15T01:24:47.812016
58085,2,The change is a single-line prop addition with a test.,4,Clean with approvals and focused test.,deepseek/deepseek-v4-flash:free,2026-05-15T01:25:09.148456
58072,4,4,3,3,deepseek/deepseek-v4-flash:free,2026-05-15T01:25:13.182944
58070,4,"The PR has a clear description, an approval, and reasonable testing (manual + snapshot updates), but the quality score is 4 because of the multiple Greptile review rounds with a repeated issue (duplicated serializer) and a reviewer comment about read-only serialiser vs writable.",4,no explanation provided,deepseek/deepseek-v4-flash:free,2026-05-15T01:25:34.727476
58068,2,"Single-file performance optimization replacing allocation-heavy pattern with short-circuit, plus test additions.",4,"Clean implementation approved first-pass, only minor test style suggestion.",deepseek/deepseek-v4-flash:free,2026-05-15T01:25:39.253761
58071,3,moderate multi-file feature with focused optimizations requiring investigation.,3,"PR went through QA swarm comments and a rework cycle before final approval, indicating 2-3 revisions.",deepseek/deepseek-v4-flash:free,2026-05-15T01:25:54.603001
58067,2,Single revert fix—rest if Tailwind CLI wather; 4 files.,4,"One approval, clean diff with testing steps; unrelated issues.",deepseek/deepseek-v4-flash:free,2026-05-15T01:26:13.998195
58065,4,Architectural migration: routing person/group data to personhog gRPC with custom pagination.,4,Clean after 5 review cycles addressing precision and schema issues.,deepseek/deepseek-v4-flash:free,2026-05-15T01:26:22.428479
58062,3,parse_error,3,parse_error,deepseek/deepseek-v4-flash:free,2026-05-15T01:26:48.878533
58064,3,"Multi-file change with abstraction to normalize cursor descriptions, and targeted bug fix with diagnosis.",4,"Clean, well-diagnosed fix with tested regression tests and proper validation.",deepseek/deepseek-v4-flash:free,2026-05-15T01:26:53.325742
58061,3,"Fetch if flag gated, new dependency, multi-file feature, but not architectural.",4,Clean with one approval after minor iterations.,deepseek/deepseek-v4-flash:free,2026-05-15T01:26:59.433711
58055,3,"This PR required a multi-file refactor to a visualization bug, involving a new helper function and changes to layout logic.",4,"This PR was well-tested, had a clear diagnosis, and was clean enough to be approved with minor suggestions.",deepseek/deepseek-v4-flash:free,2026-05-15T01:27:40.528927
58054,3,Multi-file feature with 3 files changed and moderate logic changes.,4,"One human approval, reasonable small fix, tested, deployed.",deepseek/deepseek-v4-flash:free,2026-05-15T01:27:53.460740
58058,3,parse_error,3,parse_error,deepseek/deepseek-v4-flash:free,2026-05-15T01:27:59.377678
58051,3,The change touches multiple product areas but is a single-file CODEOWNERS expansion with 31 additions.,5,"The change was approved on first pass, no reverted, and deployed to all environments.",deepseek/deepseek-v4-flash:free,2026-05-15T01:28:26.889703
58052,4,"Multi-file change with architectural implications (manager routing and migration), although conceptually straightforward.",4,"Clean implementation with clear rationale, reverted app, and solid maintainability.",deepseek/deepseek-v4-flash:free,2026-05-15T01:28:47.775885
58044,3,parse_error,3,parse_error,deepseek/deepseek-v4-flash:free,2026-05-15T01:28:51.673990
58043,3,parse_error,3,parse_error,deepseek/deepseek-v4-flash:free,2026-05-15T01:28:57.052328
58046,2,"The change is a single file fix removing an unwanted banner, requiring only import/state cleanup",5,The change was handled by an agent with targeted frontend lint check passing and was approved on the first pass,deepseek/deepseek-v4-flash:free,2026-05-15T01:29:07.861673
58042,3,parse_error,3,parse_error,deepseek/deepseek-v4-flash:free,2026-05-15T01:29:12.373412
58041,2,"The PR is a small, single-file fix to a deny-list rule with four new test cases.",4,"The PR has a thorough description, two approvals, and 26 tests passing on first pass.",deepseek/deepseek-v4-flash:free,2026-05-15T01:29:14.346040
58038,4,"Architectural refactor with batched fan-out, rollout filter extraction, and new metrics, affecting 8 files with 1003 additions.",3,"Several review feedback issues (blocking HTTP call, misleading PermissionError, rollout filter bypass) remain unaddressed despite the PR having been deployed.",deepseek/deepseek-v4-flash:free,2026-05-15T01:29:33.038216
58040,3,parse_error,3,parse_error,deepseek/deepseek-v4-flash:free,2026-05-15T01:29:33.741803
58030,3,parse_error,3,parse_error,deepseek/deepseek-v4-flash:free,2026-05-15T01:29:44.306111
58035,3,parse_error,3,parse_error,deepseek/deepseek-v4-flash:free,2026-05-15T01:30:14.639156
58027,4,"First-pass comments led to two substantive fixes (extraction + variants); all threads resolved, approved.",4,no explanation provided,deepseek/deepseek-v4-flash:free,2026-05-15T01:30:28.491526
58028,3,Approved after addressing one test cleanup suggestion.,4,no explanation provided,deepseek/deepseek-v4-flash:free,2026-05-15T01:31:17.919691
58025,2,"The PR is a clean, correct refactor that passed tests and was approved.",4,no explanation provided,deepseek/deepseek-v4-flash:free,2026-05-15T01:31:45.713913
58026,3,"The PR is valid, but the quality is assessed as 3",3,no explanation provided,deepseek/deepseek-v4-flash:free,2026-05-15T01:32:13.956440
58016,1,"Trivial documentation addition, two markdown files only, no code changes.",5,"First-pass perfect, approved without revisions, clean and well-organized.",deepseek/deepseek-v4-flash:free,2026-05-15T01:32:33.719377
58022,4,"The PR is approved and clean, though the bot suggests a minor test improvement but it's not a rework.",4,no explanation provided,deepseek/deepseek-v4-flash:free,2026-05-15T01:32:49.043173
58010,1,"This is a trivial documentation-only change (one file, 46 added lines) that explains a feature in an inbox skill, with no logic or architectural changes.",4,"The PR was directly approved by one reviewer without any rework cycles or reverts, indicating a clean submission.",deepseek/deepseek-v4-flash:free,2026-05-15T01:33:12.955283
58009,3,parse_error,3,parse_error,deepseek/deepseek-v4-flash:free,2026-05-15T01:33:13.079699
58005,1,This PR is a trivial one-file CI configuration fix.,5,Approved and deployed successfully on first pass.,deepseek/deepseek-v4-flash:free,2026-05-15T01:33:34.900597
58004,3,no explanation provided,3,no explanation provided,deepseek/deepseek-v4-flash:free,2026-05-15T01:33:47.584211
58008,2,Single-file admin config change with only removals.,3,Clean but required revisions per review comments.,deepseek/deepseek-v4-flash:free,2026-05-15T01:34:09.111648
58002,3,3-4 changes in a few files plus updating query snapshoots.,4,Clean with one review comment about helptext but no rework.,deepseek/deepseek-v4-flash:free,2026-05-15T01:34:14.271863
58003,3,no explanation provided,4,"The PR is cleanly structured with a clear problem/solution, passes reviews, and reverted=false with a minor naming nit (so 4).",deepseek/deepseek-v4-flash:free,2026-05-15T01:34:25.871304
58001,3,parse_error,3,parse_error,deepseek/deepseek-v4-flash:free,2026-05-15T01:34:30.474923
57999,1,2,3,4,deepseek/deepseek-v4-flash:free,2026-05-15T01:34:42.537527
57998,2,"A single-file fix to correct a regression in exec MCP output, requiring a minimal logic check and three new tests.",3,"Accepted with a minor suggestion from bot review to parameterise tests, but passes all tests, type checks, and format checks.",deepseek/deepseek-v4-flash:free,2026-05-15T01:34:50.015746
57994,1,2,3,4,deepseek/deepseek-v4-flash:free,2026-05-15T01:34:54.217540
57996,2,Single file fix adjusting a test path to point to the correct frontend file.,3,"Approved by reviewer but has a comment about the brittle coupling, though it passed CI and was deployed.",deepseek/deepseek-v4-flash:free,2026-05-15T01:34:55.934179
57989,3,Multi-file visual polish requiring changes to 6 files across the codebase for three separate fixes and a new story.,4,Clean delivery with passing tests and multiple approving reviews; no rework or revert issues.,deepseek/deepseek-v4-flash:free,2026-05-15T01:35:03.914443
57987,2,"The PR includes new tests, has an approval, and shows no rework, but a redundant mock in one test was noted in review.",4,no explanation provided,deepseek/deepseek-v4-flash:free,2026-05-15T01:35:26.578455
57986,2,"single fix, 2 files, straightforward refactor",5,"first-pass perfect, clean, approved",deepseek/deepseek-v4-flash:free,2026-05-15T01:35:45.449471
57991,3,parse_error,3,parse_error,deepseek/deepseek-v4-flash:free,2026-05-15T01:35:50.900633
57985,1,"Trivial documentation change, adding a policy note to two template files.",4,Clean change with two approvals and no rework cycles.,deepseek/deepseek-v4-flash:free,2026-05-15T01:35:59.757725
57983,3,parse_error,3,parse_error,deepseek/deepseek-v4-flash:free,2026-05-15T01:36:17.309983
57984,3,parse_error,3,parse_error,deepseek/deepseek-v4-flash:free,2026-05-15T01:36:29.704897
57980,3,Multi-file feature involving changes across multiple files but not architectural.,4,Clean implementation with one round of review and approved.,deepseek/deepseek-v4-flash:free,2026-05-15T01:37:12.997337
57972,3,Adding visibility filters across views and endpoints with test changes,3,Dead code not fixed after bot detected it,deepseek/deepseek-v4-flash:free,2026-05-15T01:37:18.400658
57967,3,parse_error,3,parse_error,deepseek/deepseek-v4-flash:free,2026-05-15T01:37:38.940443
57965,4,no explanation provided,3,no explanation provided,deepseek/deepseek-v4-flash:free,2026-05-15T01:38:20.405395
57964,1,"The PR adds a single diagnostic logging function in one file, but with multiple inline review comments that requested the try/catch guard and removal of a redundant field, indicating the implementation was not first-pass perfect. The description accurately stated the intent, the code matches after fixes, and one reviewer approved, so quality score is 4.",3,no explanation provided,deepseek/deepseek-v4-flash:free,2026-05-15T01:38:30.392142
57959,3,The PR received multiple automated review comments (from several bots and one human reviewer questioning the need) that raised issues like naming hardcoded and team-scoping problems.,2,no explanation provided,deepseek/deepseek-v4-flash:free,2026-05-15T01:38:43.457404
57957,3,"The PR received approval from a human reviewer, addressed relevant code review concerns, deployed successfully, and included tests.",4,no explanation provided,deepseek/deepseek-v4-flash:free,2026-05-15T01:39:14.103607
57963,4,4,4,4,deepseek/deepseek-v4-flash:free,2026-05-15T01:39:21.812371
57954,2,2,4,The PR was approved and the sole inline comment was fully addressed.,deepseek/deepseek-v4-flash:free,2026-05-15T01:39:27.950803
57952,2,no explanation provided,3,no explanation provided,deepseek/deepseek-v4-flash:free,2026-05-15T01:40:50.921614
57953,3,"The PR is a multi-file feature adding auto-save with debounce and UI indicator across logic, scene, and test files.",2,"The PR has a major race condition flagged in review and was reverted (not deployed), indicating significant issues.",deepseek/deepseek-v4-flash:free,2026-05-15T01:41:16.319307
57952,2,Single-purpose docs restructuring with no code changes.,3,2-3 revisions based on inline comments about unused import in doc example.,deepseek/deepseek-v4-flash:free,2026-05-15T01:41:58.285894
57946,4,no explanation provided,4,no explanation provided,deepseek/deepseek-v4-flash:free,2026-05-15T01:42:56.800501
57942,3,parse_error,3,parse_error,deepseek/deepseek-v4-flash:free,2026-05-15T01:43:09.163444
57943,3,no explanation provided,2,no explanation provided,deepseek/deepseek-v4-flash:free,2026-05-15T01:43:59.121267
57941,3,parse_error,3,parse_error,deepseek/deepseek-v4-flash:free,2026-05-15T01:44:14.384374
57940,3,This is a moderate-complexity fix involving two files and a transactional + raw delete modification.,4,"The fix is clean and deployed to all environments, with one human approval and a thorough description.",deepseek/deepseek-v4-flash:free,2026-05-15T01:44:19.129417
57938,3,3,3,3,deepseek/deepseek-v4-flash:free,2026-05-15T01:44:23.417829
57937,3,no explanation provided,4,no explanation provided,deepseek/deepseek-v4-flash:free,2026-05-15T01:44:38.116533
57933,3,"The PR is clean, with updated tests and approvals, and inline feedback was addressed.",4,The review feedback was addressed and the PR is approved; it is clean without rework cycles. The test assertions were updated and the diff is straightforward.,deepseek/deepseek-v4-flash:free,2026-05-15T01:44:59.094117
57932,3,parse_error,3,parse_error,deepseek/deepseek-v4-flash:free,2026-05-15T01:45:22.768915
57929,3,parse_error,3,parse_error,deepseek/deepseek-v4-flash:free,2026-05-15T01:45:32.755014
57935,3,parse_error,3,parse_error,deepseek/deepseek-v4-flash:free,2026-05-15T01:45:32.916579
57926,3,Multi-file fix with test additions and logic that touched table resolution across multiple code paths.,4,"Clean fix with thorough tests and an approved review, though it required one revision to fix a production bug.",deepseek/deepseek-v4-flash:free,2026-05-15T01:45:41.254170
57925,2,"A single-file bug fix with 8 added lines and 4 removed, addressing a specific TOML schema issue in one function.",4,"The PR has two approvals, no revert, and was tested locally with `tomllib` and `tach check`, indicating a clean, well-tested change.",deepseek/deepseek-v4-flash:free,2026-05-15T01:45:54.537989
57927,3,3,3,3,deepseek/deepseek-v4-flash:free,2026-05-15T01:46:33.634777
57923,4,"The PR is clean but not first-pass perfect; several review items were raised and fixed (e.g., removing time.sleep, adding error handling in frontend), and discussed bots, so 2-3 revisions",3,no explanation provided,deepseek/deepseek-v4-flash:free,2026-05-15T01:46:40.622409
57924,2,Prompt-only change in one file with no code or schema alterations,5,"First-pass perfect with thorough testing and review, deployed cleanly",deepseek/deepseek-v4-flash:free,2026-05-15T01:46:59.649379
57920,1,no explanation provided,2,no explanation provided,deepseek/deepseek-v4-flash:free,2026-05-15T01:47:09.655276
57922,3,parse_error,3,parse_error,deepseek/deepseek-v4-flash:free,2026-05-15T01:47:18.814748
57919,3,parse_error,3,parse_error,deepseek/deepseek-v4-flash:free,2026-05-15T01:47:33.797605
57918,3,"PR author bot, 2-3 revisions needed for the issues (1-second rerender, test parameterization), and not perfect first-pass.",3,no explanation provided,deepseek/deepseek-v4-flash:free,2026-05-15T01:47:49.565766
57917,3,"Approved by bot, no behavior change, tests pass, clean without rework cycles.",4,no explanation provided,deepseek/deepseek-v4-flash:free,2026-05-15T01:48:08.642110
57916,5,no explanation provided,4,no explanation provided,deepseek/deepseek-v4-flash:free,2026-05-15T01:48:41.537462
57912,3,parse_error,3,parse_error,deepseek/deepseek-v4-flash:free,2026-05-15T01:48:46.098425
57915,1,This is a straightforward two-line addition to CI filter patterns.,5,"The PR was first-pass perfect with only one revision, approved by a reviewer, deployed without issues.",deepseek/deepseek-v4-flash:free,2026-05-15T01:49:03.738686
57910,5,"Multi-file feature with lazy-loaded dependency, architectural change to markdown rendering, and extensive code changes (684 added).",3,"Requires 2-3 revisions, rework cycles (bot comments and review feedback), not first-pass perfect.",deepseek/deepseek-v4-flash:free,2026-05-15T01:49:15.109911
57907,4,"The PR introduces a new MSA document type, a Django admin upload flow with file validation, Slack notifications, storage helper extraction to avoid circular imports, and a migration — all across 20 files.",3,"The PR had a P1 bug (admin change view silently fails) identified in review, indicating quality required revision.",deepseek/deepseek-v4-flash:free,2026-05-15T01:49:33.041809
57906,3,"The PR is a multi-file bug fix involving 3 files, 166 additions.",3,"The PR's review identified that a test didn't exercise the boundary-stripped code path, requiring revisions.",deepseek/deepseek-v4-flash:free,2026-05-15T01:49:48.841735
57904,2,Single file change with schema coercion fix for non-UUID personId,4,"Well-tested, clear description, no reveral, but agent-authored so not first-pass perfect",deepseek/deepseek-v4-flash:free,2026-05-15T01:50:05.242717
57908,1,"The change is a documentation template update, with only a file ownership addition and a minor reorder/rewording of the agent context section.",4,"The PR passed with only a minor inline comment about formatting; no rework cycles, and it's a clean change.",deepseek/deepseek-v4-flash:free,2026-05-15T01:50:11.889650
57901,2,"PR adds a single new SKILL.md file (documentation/feature addition), no code changes, reverted=False.",4,PR is clean overall but had two P1 technical inaccuracies noted (greptile comments on regex pitfall and backreferances); human review approved but required fixes; so 4.,deepseek/deepseek-v4-flash:free,2026-05-15T01:50:16.790683
57902,3,9,3,"This PR makes several multi-file changes (renames, new config fields, error handling) to align with an RFC, and has been accepted with some review suggestions for test improvements; it was deployed after review but required some rework cycles on tests.",deepseek/deepseek-v4-flash:free,2026-05-15T01:50:18.092287
57900,4,"Approved with minor question, but P1/P2 issues from reviews remain unfixed, indicating the PR was not first-pass perfect.",3,no explanation provided,deepseek/deepseek-v4-flash:free,2026-05-15T01:50:32.294516
57897,3,parse_error,3,parse_error,deepseek/deepseek-v4-flash:free,2026-05-15T01:50:35.246122
57896,3,"Multi-file, logic-change (not architectural), addressing spec parity, removing error types.",4,"Clean, well tested (rstest), accepted by rev — minor removable tests suggested",deepseek/deepseek-v4-flash:free,2026-05-15T01:50:52.472244
57893,3,parse_error,3,parse_error,deepseek/deepseek-v4-flash:free,2026-05-15T01:51:46.168373
57892,3,"The PR touches multiple files (14) and involves a straightforward removal plus a filter change and kwarg rename, but is not architectural.",4,"The PR is clean with comprehensive testing and was approved, but a bot flagged one minor missing test issue.",deepseek/deepseek-v4-flash:free,2026-05-15T01:51:56.386173
57895,3,parse_error,3,parse_error,deepseek/deepseek-v4-flash:free,2026-05-15T01:51:57.027237
57889,3,parse_error,3,parse_error,deepseek/deepseek-v4-flash:free,2026-05-15T01:52:14.883874
57888,2,Fix is a single change to two files targeting a query predicate bug.,4,"Approved with test updates catching future regressions, and deployed cleanly to production.",deepseek/deepseek-v4-flash:free,2026-05-15T01:52:22.070772
57883,3,Multi-file but straightforward prompt change.,3,"Clean PR but has contradiction identified by reviewer, needing follow-up.",deepseek/deepseek-v4-flash:free,2026-05-15T01:52:37.968322
57877,3,The quality shows a thoughtful approach with test data and a human review.,4,The quality shows a thoughtful approach with test data and a human review.,deepseek/deepseek-v4-flash:free,2026-05-15T01:52:51.261712
57876,1,"This is a trivial removal of dead code in a single file, requiring no architectural changes.",5,"The PR is clean, direct, approved, and deployed without rework cycles.",deepseek/deepseek-v4-flash:free,2026-05-15T01:52:55.465356
57890,3,parse_error,3,parse_error,deepseek/deepseek-v4-flash:free,2026-05-15T01:52:55.486374
57872,3,no explanation provided,4,no explanation provided,deepseek/deepseek-v4-flash:free,2026-05-15T01:53:22.176696
57869,3,parse_error,3,parse_error,deepseek/deepseek-v4-flash:free,2026-05-15T01:53:24.795684
57868,3,parse_error,3,parse_error,deepseek/deepseek-v4-flash:free,2026-05-15T01:54:21.668700
57861,2,no explanation provided,5,no explanation provided,deepseek/deepseek-v4-flash:free,2026-05-15T01:54:29.467899
57871,4,"Upgrade is architectural: 249 files, 5 commits, schema-to-Zod pipeline, methodical multi-layer upgrade.",5,"First-pass perfect with deep analysis, thorough validation, careful design, and acceptance of behavior changes.",deepseek/deepseek-v4-flash:free,2026-05-15T01:54:39.254337
57860,3,"The PR is a multi-file feature (6 files, 77+ lines) involving several interconnected tooling and refactor changes, not a single fix.",3,no explanation provided,deepseek/deepseek-v4-flash:free,2026-05-15T01:54:49.638288
57858,3,parse_error,3,parse_error,deepseek/deepseek-v4-flash:free,2026-05-15T01:54:54.538440
57859,3,"The PR was approved by a human, had addressed all automated review suggestions in subsequent commits, and the diff is clean and well-documented.",4,no explanation provided,deepseek/deepseek-v4-flash:free,2026-05-15T01:55:04.882977
57855,3,no explanation provided,4,no explanation provided,deepseek/deepseek-v4-flash:free,2026-05-15T01:55:11.039418
57854,4,The PR has one review (approved) with 'Nice! So close!' indicating it's clean and deployed on all environments.,4,no explanation provided,deepseek/deepseek-v4-flash:free,2026-05-15T01:55:15.622050
57853,3,parse_error,3,parse_error,deepseek/deepseek-v4-flash:free,2026-05-15T01:55:33.068160
57856,3,"Multi-file clean removal of frontend toggle UI component, logic, and state across three files.",4,"Clean removal verified by TypeScript checks and no remaining references, while no manual UI testing.",deepseek/deepseek-v4-flash:free,2026-05-15T01:55:52.969418
57850,1,"This is a one-line path fix in a test file, trivial and straightforward.",4,"It cleanly fixes a test after a revert, passes locally, and needed no review cycles.",deepseek/deepseek-v4-flash:free,2026-05-15T01:56:01.855686
57852,3,Multi-file feature with additions in four files.,3,Automated reviews find incomplete implementation and unreachable code.,deepseek/deepseek-v4-flash:free,2026-05-15T01:56:32.528155
57848,5,"Architectural feature that spanned 8 files with 437 additions, creating multiple new components and handling several UI states.",4,"Clean PR with automated tests and manual verification, but a minor oversight of removing a feature flag action without mention in the description.",deepseek/deepseek-v4-flash:free,2026-05-15T01:57:07.815233
57846,3,no explanation provided,4,no explanation provided,deepseek/deepseek-v4-flash:free,2026-05-15T01:57:11.172976
57849,3,"Clean feature with one approval, minor code issues identified but not major rework.",4,no explanation provided,deepseek/deepseek-v4-flash:free,2026-05-15T01:57:15.668104
57845,3,"Multi-file change spanning 8 files with type additions, kea key disambiguation, and new grouped bar logic.",4,"Clean, backward-compatible fix with all tests passing and inline review comments resolved.",deepseek/deepseek-v4-flash:free,2026-05-15T01:57:18.281061
57844,3,"This is a multi-file fix (3 files, 330 added, 158 removed) that addresses an architectural N+1 query optimization, not a trivial single-file change.",4,"The PR is approved with only two small inline suggestions, and it has been deployed to production, indicating a clean, high-quality fix.",deepseek/deepseek-v4-flash:free,2026-05-15T01:57:22.896699
57843,4,no explanation provided,5,no explanation provided,deepseek/deepseek-v4-flash:free,2026-05-15T01:57:28.018784
57841,5,tr,4,tr,deepseek/deepseek-v4-flash:free,2026-05-15T01:57:39.114277
57842,2,no explanation provided,4,no explanation provided,deepseek/deepseek-v4-flash:free,2026-05-15T01:57:42.695243
57839,4,"The PR was approved but the commit that was reviewed contains bugs: a stale mock target that broke all tests, a missing docstring colon, and no new automated tests; the stated verification is only post-de "" looking at logs.",3,no explanation provided,deepseek/deepseek-v4-flash:free,2026-05-15T01:57:46.743182
57840,2,"The PR made a single, focused change to the description of an MCP suppression tool, regenerating two generated files, which was a straightforward edit.",4,"The PR was clear, correctly addressed the problem, and was approved without revisions (first-pass perfect).",deepseek/deepseek-v4-flash:free,2026-05-15T01:57:51.734083
57836,3,"Wait if the response is reliable—if the id track is absent or unclear, quality drops to 2 or 3.",4,"The fix introduces a new workflow signal, is cleanly implemented with both approvals and minor test feedback, and passes all reviews indicating high reliability.",deepseek/deepseek-v4-flash:free,2026-05-15T01:57:53.986059
57834,2,"Appro by one reviewer, clear description, no rework cycles, and CI passed.",4,no explanation provided,deepseek/deepseek-v4-flash:free,2026-05-15T01:57:58.737511
57832,3,The PR involves multi-file changes (7 files) across a 3-part stack.,3,"The PR had multiple review comments (inline bug, no tests) but changes were addressed.",deepseek/deepseek-v4-flash:free,2026-05-15T01:58:04.414894
57830,3,Multi-file fix with test coverage,5,First-pass perfect with clean code,deepseek/deepseek-v4-flash:free,2026-05-15T01:58:13.588356
57835,5,"PR affecting 15 files, 772 added, 300 removed; architectural refactor of shared GitHub integration base, data model migration with new foreign key and constraints, and business logic changes for Signals sandboxes.",3,"PR received multiple review cycles from Copilot, Greptile, and human reviewers; several issues identified and some resolved, but security concerns remain unresolved; approved nonetheless.",deepseek/deepseek-v4-flash:free,2026-05-15T01:58:23.551868
57829,2,Adds a single new Playwright test file with 90 lines and no changes to existing code.,4,"PR is clean and approved, despite minor code style feedback from bots.",deepseek/deepseek-v4-flash:free,2026-05-15T01:58:24.933757
57825,2,"The PR was clean—approved by reviewers without rework, the description thoroughly explains problem & decisions, and the changes were confirmed via grep so the diff is exact (25 inserts/25 deletions).",4,no explanation provided,deepseek/deepseek-v4-flash:free,2026-05-15T01:58:38.149727
57821,2,no explanation provided,3,no explanation provided,deepseek/deepseek-v4-flash:free,2026-05-15T01:58:39.849054
57819,2,PR was not successful without the reviews and approvals.,5,All changes were successfully and the deployment status highlighted it.,deepseek/deepseek-v4-flash:free,2026-05-15T01:58:46.787965
57818,2,"This is a single-file fix (no feature), adding a wait call to avoid a race condition.",5,"The PR was cleanly implemented, tested, and approved without revisions.",deepseek/deepseek-v4-flash:free,2026-05-15T01:59:14.145017
57828,4,"Multi-file feature with new card and warning for a specific feature flag, plus auto-up for notifications tab.",4,Clean code with no issues flagged and no rework cycles.,deepseek/deepseek-v4-flash:free,2026-05-15T01:59:16.258714
57817,3,no explanation provided,3,no explanation provided,deepseek/deepseek-v4-flash:free,2026-05-15T01:59:18.423067
57814,1,"The revert is simple, removing a single function and its use across several files.",2,"The revert reintroducs errors despite PR description and reviewer comments, and there's potential rework if that's the intention.",deepseek/deepseek-v4-flash:free,2026-05-15T02:00:02.219140
57815,3,parse_error,3,parse_error,deepseek/deepseek-v4-flash:free,2026-05-15T02:00:08.426268
57813,3,"Multi-file feature with architectural impact introduces shard offset calculation to spread load across cron fires, a new keyword argument, and new wiring.",5,"Approved with minor cleanup suggestions and no rework cycles, indicating first-pass perfect.",deepseek/deepseek-v4-flash:free,2026-05-15T02:00:56.934050
57810,3,4,4,The PR was approved but had a substantive P2 review comment about a TOCTOU race condition so it is not first-pass perfect.,deepseek/deepseek-v4-flash:free,2026-05-15T02:01:10.345775
57812,3,no explanation provided,3,no explanation provided,deepseek/deepseek-v4-flash:free,2026-05-15T02:01:12.895468
57806,4,"Architectual change to code generation infrastructure adding new YAML field, zod wrapping, and helper module.",4,"TDD-driven tests with thorough coverage, bug caught and fixed during implementation, one reviewer approved with minor suggestion, PR not reverted.",deepseek/deepseek-v4-flash:free,2026-05-15T02:01:23.193478
57807,3,"Multi-file feature (16 files, 132 additions, 61 deletions) combining a bug fix, a refactor of visibility flags, and new test logic.",4,"Clean, well-tested code with tests passing and reviewers approving, but has a minor discrepancy in PR description vs CI band treatment.",deepseek/deepseek-v4-flash:free,2026-05-15T02:01:29.671028
57804,2,"This is a single-file fix addressing an annotation positioning bug, with minimal changes.",4,"The PR received approval and appears to be a clean, focused fix.",deepseek/deepseek-v4-flash:free,2026-05-15T02:02:18.568699
57805,4,This PR re-introduces a reverted migration with an architectural two-query split and changes in 17 files across backend and frontend.,3,"The PR had multiple code-review issues (scope/per and timestamp window inflation) and requested changes from reviewer, but they were addressed.",deepseek/deepseek-v4-flash:free,2026-05-15T02:02:28.344011
57799,3,"Single-file change to GitHub Actions logic, moderate complexity.",4,"Approved with no reverted flag; one file, clean implementation.",deepseek/deepseek-v4-flash:free,2026-05-15T02:02:32.348131
57802,3,"Clean revert with alias; reviews noted tracking, but overall solid.",4,no explanation provided,deepseek/deepseek-v4-flash:free,2026-05-15T02:03:03.252766
57797,2,"Multi-file fix for a single bug (control variant validation), not a new feature or architectural change.",4,"Approved, not reverted, with one clean iteration (author 'adjusted' for the bot's test comment), deployed to all environments.",deepseek/deepseek-v4-flash:free,2026-05-15T02:03:23.277295
57793,3,"This is a multi-file feature involving person lookup and group properties added to events, so complexity is moderate.",4,"The PR is clean, well-tested, and its author proactively addressed all bot review suggestions, so quality is high.",deepseek/deepseek-v4-flash:free,2026-05-15T02:03:28.649254
57788,2,"The PR is clean and first-pass, with no reworks or negative feedback, and includes a size reduction—likely without reworks.",4,"The PR is clean, no rework cycles, and includes a size reduction with positive bundle effect.",deepseek/deepseek-v4-flash:free,2026-05-15T02:03:39.093667
57790,5,3,4,"A refactor spanning 15 files that consolidates axis state in a layout context, adds a new hook, and moves a prop into config — but does not change the chart rendering path or public API—clean, tested, approved.",deepseek/deepseek-v4-flash:free,2026-05-15T02:03:43.832661
57787,2,2 - single fix (dedupe + gate + add summary_id) in 2 files,4,"4 - clean, single review approval, no revert, one minor P2 comment",deepseek/deepseek-v4-flash:free,2026-05-15T02:04:32.935087
57783,3,The upgrade of three pinned dependencies with migration risk and type annotation fixes across 18 files is moderately complex,4,"The PR was approved by multiple reviewers, deployed to all environments, and passed test suites, with only minor type annotation comments that were addressed",deepseek/deepseek-v4-flash:free,2026-05-15T02:04:44.467531
57782,3,parse_error,3,parse_error,deepseek/deepseek-v4-flash:free,2026-05-15T02:04:56.639428
57781,4,"The multi-file change addressing a regression, architectural shift from single-query to preflight+heavy pattern.",3,Passed with 2-3 rounds of revisions including inline comments on UUID and TS bounds.,deepseek/deepseek-v4-flash:free,2026-05-15T02:05:01.860701
57780,2,"The reviewers gave feedback that triggered an immediate revision, one reviewer approved - this means it was not first-pass perfect.",3,no explanation provided,deepseek/deepseek-v4-flash:free,2026-05-15T02:05:11.472402
57779,4,"This PR touches multiple files across frontend (badges, logic, scene) and backend (enums, contracts), making it an architectural-level change.",4,"The code is clean, linting and formatting pass, and the PR was first-pass perfect (no reverted cycles) with only minor feedback on the specialized bots.",deepseek/deepseek-v4-flash:free,2026-05-15T02:05:17.615427
57784,3,parse_error,3,parse_error,deepseek/deepseek-v4-flash:free,2026-05-15T02:05:18.811711
57778,2,single fix,3,clean but some review notes,deepseek/deepseek-v4-flash:free,2026-05-15T02:05:35.018114
57777,1,"The change is trivial: a single-file addition of alert IDs to log context and exception tracking, with no logic or behavior changes.",4,The PR was cleanly deployed without rework or revisions; reviewers considered it trivial and safe.,deepseek/deepseek-v4-flash:free,2026-05-15T02:05:46.434167
57773,3,parse_error,3,parse_error,deepseek/deepseek-v4-flash:free,2026-05-15T02:05:51.644106
57776,3,parse_error,3,parse_error,deepseek/deepseek-v4-flash:free,2026-05-15T02:06:00.649285
57771,3,"Mid-quality because the PR spans multiple files across backend and frontend, removing a feature gate, but is not a large architectural change.",4,"High quality because the PR has one human approval and thorough description, but one bot review flagged load impact.",deepseek/deepseek-v4-flash:free,2026-05-15T02:06:23.133074
57772,3,parse_error,3,parse_error,deepseek/deepseek-v4-flash:free,2026-05-15T02:06:31.982545
57768,3,"The PR is a multi-file feature adding a new artefat type, API endpoint changes, and a migration, but it is moderate.",3,"The PR passed after 2 revisions and was merged (approved by @andrewm4894), with some concerns identified by bots that were fixed.",deepseek/deepseek-v4-flash:free,2026-05-15T02:07:12.804621
57770,2,"The PR was authored by a tool but includes a regression test, was approved by a reviewer, passes lint and tests, and was deployed without reworks.",4,no explanation provided,deepseek/deepseek-v4-flash:free,2026-05-15T02:07:17.150008
57766,3,"Clean, first-pass-perfect refactor with preserved blame and passing CI checks, no rework needed.",4,"Clean, first-pass-perfect refactor with preserved blame and passing CI checks, no rework needed.",deepseek/deepseek-v4-flash:free,2026-05-15T02:07:43.746005
57767,2,"Single-purpose, low-risk removal of a feature flag with minimal code changes across 2 files.",5,First-pass perfect change with no rework cycles.,deepseek/deepseek-v4-flash:free,2026-05-15T02:07:59.101637
57765,3,parse_error,3,parse_error,deepseek/deepseek-v4-flash:free,2026-05-15T02:08:21.304300
57763,2,2 - single-focus bugfix across 2 files,5,5 - first-pass perfect after a single minor fix,deepseek/deepseek-v4-flash:free,2026-05-15T02:08:23.460450
57750,2,single fix,4,clean,deepseek/deepseek-v4-flash:free,2026-05-15T02:08:30.918182
57754,3,parse_error,3,parse_error,deepseek/deepseek-v4-flash:free,2026-05-15T02:08:36.682704
57746,3,no explanation provided,3,no explanation provided,deepseek/deepseek-v4-flash:free,2026-05-15T02:09:03.421773
57743,3,"Multi-file feature enforcing a backend invariant across three layers (serializer validation, model clean(), and frontend reset flow)",3,"Requires several rounds of inline fix commits after review comments, but with proper fixes applied",deepseek/deepseek-v4-flash:free,2026-05-15T02:09:43.647313
57740,3,Implementation appears clean but has issues needing rework,3,no explanation provided,deepseek/deepseek-v4-flash:free,2026-05-15T02:10:00.918425
57739,2,"1s call fix, but included test + diff.",5,<high-quality>,deepseek/deepseek-v4-flash:free,2026-05-15T02:10:05.980175
57745,3,parse_error,3,parse_error,deepseek/deepseek-v4-flash:free,2026-05-15T02:10:08.038869
57737,3,"The PR was accepted but had a review with an unresolved P1 bug that could cause data left on a wrong host, lowering quality to roughly 3 (2-3 revisions).",3,no explanation provided,deepseek/deepseek-v4-flash:free,2026-05-15T02:10:12.479868
57738,3,parse_error,3,parse_error,deepseek/deepseek-v4-flash:free,2026-05-15T02:10:43.561353
57732,3,"This is a multi-file feature (3 files) adding an opt-in Docker build stage, threading a target parameter into the workflow, and opting in for one image.",4,The PR is clean and well-structured after minor revisions to address review feedback.,deepseek/deepseek-v4-flash:free,2026-05-15T02:10:49.641980
57734,4,"The PR adds a comprehensive skill file that defines the behavior, tab structure, filters, decision table, and JSON recipes for an entire new domain (Live tab) in the web-analytics product, with 233 lines across one file — non-trivial content but not a multi-product architectural change",4,The PR was approved without any substantive changes by two human reviewers; one bot comment pointed out a minor JSON formatting issue (block comment inside series array) but the core content is well-structured and complete,deepseek/deepseek-v4-flash:free,2026-05-15T02:11:20.079936
57731,3,no explanation provided,2,no explanation provided,deepseek/deepseek-v4-flash:free,2026-05-15T02:11:20.926612
57730,1,3 files w. 2 deletions,2,no testing,deepseek/deepseek-v4-flash:free,2026-05-15T02:11:25.372928
57728,4,"The PR is high quality because it was deployed to all environments without rework cycles, was approved by reviews, and the bot's false positive was dismissed inline.",4,no explanation provided,deepseek/deepseek-v4-flash:free,2026-05-15T02:11:40.940173
57727,2,Single file fix adding 'Integrations' to display name suffix logic.,4,"Approed with no showstocker, clean code that mirrors existing pattern.",deepseek/deepseek-v4-flash:free,2026-05-15T02:12:18.155473
57722,2,Single fix with multi-file change,4,Minor suggestion; clean and approved,deepseek/deepseek-v4-flash:free,2026-05-15T02:12:24.308842
57720,3,no explanation provided,3,no explanation provided,deepseek/deepseek-v4-flash:free,2026-05-15T02:12:28.475670
57718,2,no explanation provided,5,no explanation provided,deepseek/deepseek-v4-flash:free,2026-05-15T02:12:37.558750
57724,3,parse_error,3,parse_error,deepseek/deepseek-v4-flash:free,2026-05-15T02:12:37.664897
57717,1,Time limit,5,First-pass perfect,deepseek/deepseek-v4-flash:free,2026-05-15T02:12:44.284704
57716,3,"A multi-file feature that adds regex URL targeting, inline RE2 validation, and deboused reach estimate to the guided survey wizard.",4,"The PR received two review issues that were promptly fixed in the same commit, and was ultimately approved clean.",deepseek/deepseek-v4-flash:free,2026-05-15T02:12:46.060139
57713,3,parse_error,3,parse_error,deepseek/deepseek-v4-flash:free,2026-05-15T02:13:40.758854
57714,4,The PR addressed key problems but had a race condition initially (P1) and lost stats_config refresh (P2) that required further fixes.,3,no explanation provided,deepseek/deepseek-v4-flash:free,2026-05-15T02:13:45.037193
57712,3,no explanation provided,3,no explanation provided,deepseek/deepseek-v4-flash:free,2026-05-15T02:13:45.308541
57709,4,no explanation provided,3,no explanation provided,deepseek/deepseek-v4-flash:free,2026-05-15T02:14:02.653793
57711,3,"Multi-file changes across 7 files touching settings, tests, documentation, and test execution timeouts.",3,"Clean PR with one inline comment about a runtime concern, but no reverted or broken and no rework cycles.",deepseek/deepseek-v4-flash:free,2026-05-15T02:14:38.429292
57707,4,"Architectural refactor with strategy pattern, multi-file changes, and requiring human review despite no functional change",4,"Clean refactor preserving behavior, approved by teammates, deployed, though minor duplication noted",deepseek/deepseek-v4-flash:free,2026-05-15T02:14:45.910988
57704,4,"Architectural changes to Kafka engine configuration and migration logic across multiple environments, which is a non-trivial, multi-file fix addressing a named collection issue and dev setup for a previous migration.",3,"2-3 revisions? The PR has two review-related discussions (Greptile, tests-posthog) and updates to snapshot tests, indicating some rework, though approval with some extra discussions.",deepseek/deepseek-v4-flash:free,2026-05-15T02:14:50.490436
57697,1,"3 files with only 6 changed lines (version bumps), no logic changes.",4,"Good PR with thorough description, one approval, and automated verification; no revision cycles but it's a simple chore.",deepseek/deepseek-v4-flash:free,2026-05-15T02:14:55.811619
57693,3,3,4,4,deepseek/deepseek-v4-flash:free,2026-05-15T02:15:04.003261
57692,3,parse_error,3,parse_error,deepseek/deepseek-v4-flash:free,2026-05-15T02:15:12.386935
57691,2,no explanation provided,5,no explanation provided,deepseek/deepseek-v4-flash:free,2026-05-15T02:15:50.508708
57690,2,"Removed a deprecated producer constant and its config map, impacting 9 files.",4,"Clean, approved, deployed successfully.",deepseek/deepseek-v4-flash:free,2026-05-15T02:16:03.892507
57689,3,The PR is a multi-file feature to handle expired Stripe OAuth tokens with refresh and clear error messages.,2,"The PR required multiple discussion cycles and inline comments, indicating many rework cycles.",deepseek/deepseek-v4-flash:free,2026-05-15T02:16:17.513158
57705,3,parse_error,3,parse_error,deepseek/deepseek-v4-flash:free,2026-05-15T02:16:21.416285
57687,3,"Fix spans multiple files: codegen converter (7 lines added), 2 annotation typos, and regenerated 4 downstream artifacts.",4,"Clean PR with test additions, auto-regenerated snapshots, improved based on review feedback, approved by bot.",deepseek/deepseek-v4-flash:free,2026-05-15T02:16:24.118282
57685,3,This feature required moderate code reflecting new functionality across multiple files including front-end changes.,3,"This feature had two code review comments indicating condition issues, requiring revisions after review, but overall the code cleanly worked.",deepseek/deepseek-v4-flash:free,2026-05-15T02:16:39.900355
57683,2,"Approved on first review, no rework, clean design",4,no explanation provided,deepseek/deepseek-v4-flash:free,2026-05-15T02:17:04.962272
57678,3,"multi-file feature involving changes in template logic, schema, and tests",3,clean implementation but had rework cycles based on inline review comments leading to a fix commit,deepseek/deepseek-v4-flash:free,2026-05-15T02:17:09.808532
57674,4,"This is an architectural multi-file feature introducing dual-writing to a new Valkey infrastructure across multiple CDP services, along with Lua script versions and bug fixes.",3,"The PR received non-trivial code reviews that identified multiple problems (missing counter, V3 wedge, test non-determinism, docstring inaccuracies) requiring multi-revision iterations; it is not first-pass perfect but is sound after fixes applied.",deepseek/deepseek-v4-flash:free,2026-05-15T02:17:20.966747
57673,4,"Multi-file refactor with architectural changes (extracted shared helper, unified three memos, changed return shape) and included perf fixes.",4,"Clean PR with thorough reviews; bugs caught and fixed in follow-up commits, tests passed.",deepseek/deepseek-v4-flash:free,2026-05-15T02:17:36.280943
57672,2,"The PR was approved, author described testing as all tests pass, and it appears first-pass clean.",4,no explanation provided,deepseek/deepseek-v4-flash:free,2026-05-15T02:17:45.272609
57684,3,parse_error,3,parse_error,deepseek/deepseek-v4-flash:free,2026-05-15T02:18:01.530082
57671,3,Two files modified to fix a race condition / Use of isMounted check,4,Clean fix with solid test coverage / Minor test teardown issue acknowledged / 2 approvals,deepseek/deepseek-v4-flash:free,2026-05-15T02:18:40.363762
57669,3,parse_error,3,parse_error,deepseek/deepseek-v4-flash:free,2026-05-15T02:18:54.657665
57670,3,"Clean but not first-pass perfect — clear problem, detailed description, few iterations, nits addressed, one human approval, not reverted.",4,no explanation provided,deepseek/deepseek-v4-flash:free,2026-05-15T02:18:59.069623
57668,3,"Multi-file change (5 files, 3 core + tests) adding config fields, a helper export, and a test; it’s a feature extension but not architecturally deep.",4,"PR was approved, feedback was addressed; it is clean work with added tests and went through a review cycle, but not first-pass perfect—it required iterations.",deepseek/deepseek-v4-flash:free,2026-05-15T02:19:10.107864
57665,1,1,5,5,deepseek/deepseek-v4-flash:free,2026-05-15T02:19:20.331424
57664,4,"This is a multi-file, architectural shift from SQS to S3 streaming for usage reports.",3,"The PR has several issues including CPU-bound loop blocking, duplicated test helpers, and lack of cross-run checkpointing.",deepseek/deepseek-v4-flash:free,2026-05-15T02:19:25.919477
57667,3,parse_error,3,parse_error,deepseek/deepseek-v4-flash:free,2026-05-15T02:20:02.854506
57663,3,"Multi-file feature: 5 files changed, including adding new type identifier and refactor of notifications component.",4,"Clean PR deployed successfully, one approval, minor improvement from bot, no rework cycles.",deepseek/deepseek-v4-flash:free,2026-05-15T02:20:16.379031
57661,3,Multi-file changes with new exception class and Temporal retry logic.,4,"Two human approvals and clean code, but some paths untested per review feedback.",deepseek/deepseek-v4-flash:free,2026-05-15T02:20:28.387644
57658,2,"The PR description clearly states the problem, changes, and includes a test. The code diff is minimal, well-understood, and approved in the first pass. The quality of the PR is first-pass perfect.",5,no explanation provided,deepseek/deepseek-v4-flash:free,2026-05-15T02:21:06.950293
57657,3,"This is a multi-file feature touching 4 files, with changes across CI workflow, schema cache, runner sizing, and a refactor.",4,"Time limit exceeded, initial build—score quality scoring based on structure and context received.",deepseek/deepseek-v4-flash:free,2026-05-15T02:21:49.409005
57656,1,This is a trivial docs-only change with approved review and first-pass perfect quality.,5,no explanation provided,deepseek/deepseek-v4-flash:free,2026-05-15T02:21:51.527371
57653,3,multi-file feature addition,4,"passed tests and deployments, clean, one approval",deepseek/deepseek-v4-flash:free,2026-05-15T02:21:57.760366
57654,1,the PR is a trivial single-line configuration change.,5,"the PR was approved by two reviewers, deployed correctly, and required no rework cycles.",deepseek/deepseek-v4-flash:free,2026-05-15T02:22:05.629002
57651,2,Single fix in two files with minimal changes.,5,First-pass perfect with no revision cycles.,deepseek/deepseek-v4-flash:free,2026-05-15T02:22:13.686937
57652,3,"The fix touches backend (schedule existence, schedule creation/update fallback) and frontend (crash fix) across 3 files.",4,"The changes are clean logic, human-approved, have some bot-suggested refinements but not major rework.",deepseek/deepseek-v4-flash:free,2026-05-15T02:22:19.276250
57650,3,parse_error,3,parse_error,deepseek/deepseek-v4-flash:free,2026-05-15T02:22:24.081187
57646,3,no explanation provided,4,no explanation provided,deepseek/deepseek-v4-flash:free,2026-05-15T02:22:49.865635
57648,3,parse_error,3,parse_error,deepseek/deepseek-v4-flash:free,2026-05-15T02:23:36.108368
57644,2,Minor update to enhance clarity in documentation and printed instructions,3,"Two automated reviews identified an inconsistency (missing dot) requiring a revision, despite human approval",deepseek/deepseek-v4-flash:free,2026-05-15T02:23:50.477838
57643,3,parse_error,3,parse_error,deepseek/deepseek-v4-flash:free,2026-05-15T02:24:25.837211
57641,2,2,5,5,deepseek/deepseek-v4-flash:free,2026-05-15T02:24:35.748143
57639,2,no explanation provided,4,no explanation provided,deepseek/deepseek-v4-flash:free,2026-05-15T02:24:52.656497
57636,3,Multi-file (3 files) feature with added authentication check logic.,4,"Clean, deployed after resolving security concerns and with constructive discussion.",deepseek/deepseek-v4-flash:free,2026-05-15T02:25:06.330823
57635,2,Single-line fix correcting a data source for annotations in a bar chart component.,4,"Clean first-pass fix with automated approvals, no rework cycles, and zero bundle size change.",deepseek/deepseek-v4-flash:free,2026-05-15T02:25:51.401126
57632,3,5,4,no explanation provided,deepseek/deepseek-v4-flash:free,2026-05-15T02:26:02.894046
57634,3,parse_error,3,parse_error,deepseek/deepseek-v4-flash:free,2026-05-15T02:26:08.669075
57628,3,Approved with one minor fix flagged but otherwise clean and well-structured.,4,no explanation provided,deepseek/deepseek-v4-flash:free,2026-05-15T02:26:10.981197
57625,5,"The PR addresses an architectural security concern (prompt injection in AI summary prompts) across 7 files, touching multiple subsystems: a new sanitization module, three call-site files, test coverage for all three, and the LLM prompt meta-text.",3,"The first commit had a HIGH-seurity bypass (unicode-before-tag ordering) and two MEDIUM findings (NEL char, subscription title trust boundary), plus human review comments on duplication, naming, and test smells — all fixed in follow-up commits b32e750 and b31659a. The final commit (035b9cc9) handled the U+2028/U+2029 regression from previous commit that hex-security reported. The PR ended with two human approvals (joshsny, Piccirello) and a security-verdict from Piccirello that listed three remaining bypasses (unclosed tag, unlisted invisibles, whitespace-between), so loop count >= 3.",deepseek/deepseek-v4-flash:free,2026-05-15T02:26:18.400800
57624,3,parse_error,3,parse_error,deepseek/deepseek-v4-flash:free,2026-05-15T02:26:37.923867
57623,3,I cannot measure due to time constraint,3,I cannot measure,deepseek/deepseek-v4-flash:free,2026-05-15T02:27:18.366711
57619,3,Multi-file feature with backend and frontend changes,4,Approved with minor test issue found in review,deepseek/deepseek-v4-flash:free,2026-05-15T02:27:51.104897
57618,3,parse_error,3,parse_error,deepseek/deepseek-v4-flash:free,2026-05-15T02:28:11.549217
57615,2,"The PR was approved with only one minor residual-path suggestion, indicating clean work.",4,no explanation provided,deepseek/deepseek-v4-flash:free,2026-05-15T02:28:16.266356
57617,3,parse_error,3,parse_error,deepseek/deepseek-v4-flash:free,2026-05-15T02:28:26.107439
57612,3,Three files changed with minor changes.,4,"One comment addressed, approved.",deepseek/deepseek-v4-flash:free,2026-05-15T02:28:26.844029
57610,3,parse_error,3,parse_error,deepseek/deepseek-v4-flash:free,2026-05-15T02:28:33.229910
57611,2,"The fix is a single-file, single-function caching replacement across two files.",4,"The PR is clean, well-tested, and passed reviews with one thread-safety issue noted but not fixed before merge — still high quality overall.",deepseek/deepseek-v4-flash:free,2026-05-15T02:28:35.260544
57609,2,"The PR is a single, straightforward security fix for an endpoint scope, affecting two files with minimal changes.",4,"The PR passed tests, was approved, and is complete and clean.",deepseek/deepseek-v4-flash:free,2026-05-15T02:28:44.100573
57607,3,"Two files changed with 39+ lines added – typical multi-file feature (new column with sorting, tooltip, palette integration).",4,"Approved in one review; no revert, no rework; clean implementation with usage of existing constants and patterns; snapshot testing present.",deepseek/deepseek-v4-flash:free,2026-05-15T02:28:54.019356
57608,4,"Multi-file feature with new caching infrastructure, extraction of helper, and careful inv\ resulting in test files, but not architectural.",3,"2-3 revisions needed: the PR initially had duplicate logic in _cached_per_org vs _cached_pe\ which was addressed, but also had concerns about missing delete-path test coverage and only O\ which were later addressed, so clean overall but with revisions.",deepseek/deepseek-v4-flash:free,2026-05-15T02:28:56.110878
57606,3,The PR is a multi-file fix with test changes and logic change in fallback behavior.,5,The PR is a first-pass perfect with two approvals and no rework.,deepseek/deepseek-v4-flash:free,2026-05-15T02:28:58.926079
57602,3,Multi-file chore cleanup of rolled-out feature flags.,5,"First-pass perfect with thorough code cleanup, an approved review, and no rework cycles.",deepseek/deepseek-v4-flash:free,2026-05-15T02:29:03.976280
57601,3,parse_error,3,parse_error,deepseek/deepseek-v4-flash:free,2026-05-15T02:29:05.024440
57600,3,Multi-file changes with moderate architectural extraction of a private method and renaming of an interface method.,4,Tests pass and human approval; only a minor AI-suggested fix needed for a missing field.,deepseek/deepseek-v4-flash:free,2026-05-15T02:29:30.272894
57598,2,"The fix is a single-file, simple hover UX bug that adds a 150ms delay to tooltip dismissal.",4,"The PR is clean, tested, and approved with a small, well-explained diff.",deepseek/deepseek-v4-flash:free,2026-05-15T02:29:47.163245
57599,3,parse_error,3,parse_error,deepseek/deepseek-v4-flash:free,2026-05-15T02:29:50.883230
57596,2,"The change is a small additive frontend change that only modifies a single file, adding a helper function to detect reorders.",4,"Code review comments were addressed inline before merging, leaving the diff clean.",deepseek/deepseek-v4-flash:free,2026-05-15T02:30:13.702836
57595,3,This PR spans two files and introduces a new enum and kea logic to persist tab state; it's more than a single-line change but less than an architectural overhaul.,4,"The PR was approved by one reviewer, the author promptly addressed a critical inline comment, and it was deployed to production without any reverted or broken behavior reported.",deepseek/deepseek-v4-flash:free,2026-05-15T02:30:42.432578
57591,2,"single fix, two files, no schema change, low complexity.",4,"clean, approved, well-explined, tested. Only minor review suggestions. Not perfect (5) but no rework needed.",deepseek/deepseek-v4-flash:free,2026-05-15T02:31:34.215748
57584,3,parse_error,3,parse_error,deepseek/deepseek-v4-flash:free,2026-05-15T02:31:48.496154
57583,3,no explanation provided,4,no explanation provided,deepseek/deepseek-v4-flash:free,2026-05-15T02:32:01.943948
57593,3,parse_error,3,parse_error,deepseek/deepseek-v4-flash:free,2026-05-15T02:32:10.849468
57581,3,"PR adds a team ID display and pagination to an admin config list, requiring query annotation across two files.",3,"Implementation uses annotation and pagination, but reviews identify N+1 query issue and test structure that could be improved.",deepseek/deepseek-v4-flash:free,2026-05-15T02:32:21.099675
57577,3,Average complexity because it's a multi-file feature with refactor.,4,Clean with one minor tweak accepted; no reverted/broken state.,deepseek/deepseek-v4-flash:free,2026-05-15T02:32:25.963328
57576,4,"Architectural change involving token bucket rate limiting, Redis Lua scripts, and metric refactor across multiple files.",4,"Clean PR that addressed critical security issue before deployment, with one inline simplification suggestion but not first-pass perfect.",deepseek/deepseek-v4-flash:free,2026-05-15T02:32:59.431704
57582,1,Single file change with 124 additions and 4 deletions,4,"Good test coverage, clear description, and not reverted",deepseek/deepseek-v4-flash:free,2026-05-15T02:33:01.317828
57575,2,"The PR is a revert of a prior feature with a modest multi-file diff, but the change itself is straightforward to understand and implement.",3,"The PR is clean and correct for the revert purpose, but the inline reviewer noted a pre-existing key function bug that should have been addressed.",deepseek/deepseek-v4-flash:free,2026-05-15T02:33:19.873012
57566,2,"Complexity score 2 as the change a single-file, a single-file single-line alias swap of one function with documentation improvement, which was complexity non-architectural the analysis not multi-file, but replacing hashmap key bug fix correct fix documenting deterministic iteration order behavior match.",4,no explanation provided,deepseek/deepseek-v4-flash:free,2026-05-15T02:33:27.990826
57565,3,"3 - The PR involves dropping MSK Kafka engine tables with WarpStream equivalents, which is a cleanup of existing infrastructure after a migration window, affecting multiple tables and requiring careful orchestration.",5,"5 - The PR was approved by a reviewer, deployed successfully to multiple environments, and has a clean, idempotent implementation.",deepseek/deepseek-v4-flash:free,2026-05-15T02:33:52.937381
57568,4,no explanation provided,4,no explanation provided,deepseek/deepseek-v4-flash:free,2026-05-15T02:33:55.000343
57564,3,Multi-file feature with new validation logic and thorough test coverage.,4,"Clean, approved, with tests that cover the new validation but have minor feedback.",deepseek/deepseek-v4-flash:free,2026-05-15T02:33:56.366731
57562,2,the change is a single-field validation fix affecting two files (serializer and tests) — straightforward and narrow in scope.,4,"the fix was clean, well-tested, with thoughtful discussion/resolution of a secondary concern, and deployed with no revert or rework cycles noted in feedback.",deepseek/deepseek-v4-flash:free,2026-05-15T02:34:04.720780
57563,3,"3 (multi-file feature with 2 files, implementing a security pattern)",3,"The reviewer had 2 suggestions (2-3 revisions), but the PR was approved and deployed. No significant issues.",deepseek/deepseek-v4-flash:free,2026-05-15T02:34:09.301490
57561,3,parse_error,3,parse_error,deepseek/deepseek-v4-flash:free,2026-05-15T02:34:57.385587
57556,3,"Multi-file change involving a constant, two writers, two tests, but no architectural change; functional logic remains the same.",4,"Clean, well-documented PR with regression tests and manual verification; approved without rework, only a minor test suggestion.",deepseek/deepseek-v4-flash:free,2026-05-15T02:35:00.732393
57555,3,Multi-file fix addressing a specific height adapt issue with 4 files and moderate changes.,4,Nearly clean with small loading state comment but approved by two reviewers.,deepseek/deepseek-v4-flash:free,2026-05-15T02:35:19.040923
57546,3,"Multi-file feature (18 files) adding axis labels to charts across SQL and front-end, still moderate.",4,"Clean-pass, with approval, good test coverage, only minor pre-existing issues noted.",deepseek/deepseek-v4-flash:free,2026-05-15T02:35:50.627727
57545,4,"The PR is architectural because it introduces a new Redis-based quantiles caching system with distributed locking for Temporal workflows, spanning 7 files.",3,"The PR has blocking issues in the distributed lock (de., lock deletion and time.sleep inside thread pool) requiring multiple rework cycles.",deepseek/deepseek-v4-flash:free,2026-05-15T02:36:12.611485
57544,3,3,4,4,deepseek/deepseek-v4-flash:free,2026-05-15T02:36:20.491209
57543,2,Single-file fix with new type interfaces and straightforward filter disambiguation logic.,4,Approved PR with only one minor coupling comment; no rework cycles or revisions.,deepseek/deepseek-v4-flash:free,2026-05-15T02:36:25.407218
57542,3,"3 (multi-file feature): Adds server-side fuzzy search replacing client-side filtering—10 files, backend viewset change, frontend logic restructuring, test suite, new endpoints.",4,"4 (clean): Issues identified during review (NUL-byte test, canonical store pollution, me-first, race condition, whitespace normalization) and fixed in follow-up commits before final approval.",deepseek/deepseek-v4-flash:free,2026-05-15T02:36:46.467653
57541,3,"The PR modifies the exported asset retrieval permission logic in four files, allowing cross-teammate access while using RBAC gating on session recordings—non-trivial but self-contained.",5,"The PR was deployed to all environments after clean review cycles with addressed feedback, and the author responded promptly to inline comments.",deepseek/deepseek-v4-flash:free,2026-05-15T02:36:50.436878
57552,4,"Multi-file feature with streaming SSE endpoint design, affecting 14 files and 1023 additions.",3,2-3 revisions with multiple unresolved review issues but received approval and passed tests.,deepseek/deepseek-v4-flash:free,2026-05-15T02:37:02.194627
57538,2,"Minor behavioral change across a single feature component, 3 files.",4,"Single commit approved, clean diff with passing tests, improves test naming, no rework cycles.",deepseek/deepseek-v4-flash:free,2026-05-15T02:37:18.355873
57537,3,"This is a moderate change across multiple files (backend + frontend) that follows an established pattern, deserving a score of 3.",4,"The PR is clean, has tests, was approved, and has a minor observability follow-up noted but not blocking.",deepseek/deepseek-v4-flash:free,2026-05-15T02:37:22.836578
57531,2,Single-file additive change - adding one key to a dictionary and updating help text comments.,5,"Clean, well-tested PR with thorough description and test steps, and approved by bot review, with no reversion.",deepseek/deepseek-v4-flash:free,2026-05-15T02:37:26.013531
57521,3,"Multi-file fix addressing three problems (GH identity, review signal, prefetch) with new infrastructure.",3,"One fix was needed for runtime dict[str, User] bug but multiple nits from reviewers remain.",deepseek/deepseek-v4-flash:free,2026-05-15T02:37:34.614388
57539,5,Wait if we can output.,5,We need to output before we finish.,deepseek/deepseek-v4-flash:free,2026-05-15T02:37:40.236194
57519,5,3,3,The PR has multiple revisions based on review feedback addressing P1 and P2 issues.,deepseek/deepseek-v4-flash:free,2026-05-15T02:37:43.084181
57517,4,"Multi-file architectural change with new reader configuration, fallback logic, and test coverage across 8 files.",4,"Clean implementation approved and deployed, but minor feedback on duplication and missing test. Not first-pass perfect.",deepseek/deepseek-v4-flash:free,2026-05-15T02:37:50.413315
57516,2,Single-file UI change adding a link and tooltip to an existing support form.,4,"Approved, deployed without further revisions, with a clean small diff.",deepseek/deepseek-v4-flash:free,2026-05-15T02:37:51.978053
57514,2,"Single multi-file documentation change to an MCP tool description, no logic or data model changes.",3,Initial clean change but required 2 revisions after reviewers flagged a unit-conversion bug that persisted in generated files.,deepseek/deepseek-v4-flash:free,2026-05-15T02:38:05.538070
57515,3,parse_error,3,parse_error,deepseek/deepseek-v4-flash:free,2026-05-15T02:38:15.046583
57512,2,Single-file fix replacing a Lua script with plain Redis hget calls.,4,"Approved and deployed, good test coverage, no revisions required.",deepseek/deepseek-v4-flash:free,2026-05-15T02:38:28.605998
57511,4,Architectural change moving off gateway and double caps,4,"Clean but with minor issues, single approval",deepseek/deepseek-v4-flash:free,2026-05-15T02:38:35.424601
57513,3,parse_error,3,parse_error,deepseek/deepseek-v4-flash:free,2026-05-15T02:38:35.961549
57509,3,parse_error,3,parse_error,deepseek/deepseek-v4-flash:free,2026-05-15T02:38:50.102800
57506,2,"The PR involves a straightforward update to support messaging and the introduction of a new component, but it's a single file change with no architectural implications.",4,no explanation provided,deepseek/deepseek-v4-flash:free,2026-05-15T02:38:54.893943
57505,3,"Multi-file feature with 54 lines changed, adding a field to admin UI and tests.",4,"Code changes are clean, well-tested, and the PR was approved with minor discussion but no revisions.",deepseek/deepseek-v4-flash:free,2026-05-15T02:38:58.519543
57503,2,"Approved but had three review-identified issues (overlay section, cleanup order, missing import) - not first-pass perfect.",3,no explanation provided,deepseek/deepseek-v4-flash:free,2026-05-15T02:39:03.964294
57502,4,0,4,2,deepseek/deepseek-v4-flash:free,2026-05-15T02:39:09.331685
57508,2,One-line config change fixing a sampling rate alignment issue.,5,"First-pass perfect: approved by reviewer, deployed successfully with clear rationale.",deepseek/deepseek-v4-flash:free,2026-05-15T02:39:10.259308
57498,5,"The PR spans 33 files and 1463 additions, touching backend API, sharing configuration, migration, frontend exporter, and test infrastructure, addressing an MVP feature behind a feature flag.",4,"The PR has a strong description, demo video, multiple human approvals, and inline code review findings with valid concerns, requiring some minor fixes but overall well-implemented.",deepseek/deepseek-v4-flash:free,2026-05-15T02:39:26.277458
57497,3,parse_error,3,parse_error,deepseek/deepseek-v4-flash:free,2026-05-15T02:40:00.216554
57492,3,Sc-4,3,Sc-3,deepseek/deepseek-v4-flash:free,2026-05-15T02:40:04.130796
57499,3,changed,3,no explanation provided,deepseek/deepseek-v4-flash:free,2026-05-15T02:40:07.430072
57491,3,Multi-file optimization involving two serialization code paths (UserSerializer and TeamSerializer) with backend and frontend changes.,4,"Clean implementation with testing, code review, agent elaboration, and thoughtful response to automated review suggestions but requiring one revision after review comments.",deepseek/deepseek-v4-flash:free,2026-05-15T02:40:09.845216
57488,3,parse_error,3,parse_error,deepseek/deepseek-v4-flash:free,2026-05-15T02:40:24.995397
57487,3,Multi-file feature adding two new config fields to a chart component with partial delegation to existing code.,4,"Good tests and test coverage, prompt fixes to review issues, clean deploy, but required bot review cycle.",deepseek/deepseek-v4-flash:free,2026-05-15T02:40:48.258101
57485,3,"This is a multi-file bug fix addressing a pervasive tab-aware state issue, with substantial test additions.",4,"The PR was never reverted, had solid test coverage, and was approved by reviewers with no re-work cycles.",deepseek/deepseek-v4-flash:free,2026-05-15T02:40:52.828128
57480,3,parse_error,3,parse_error,deepseek/deepseek-v4-flash:free,2026-05-15T02:41:00.119770
57479,3,parse_error,3,parse_error,deepseek/deepseek-v4-flash:free,2026-05-15T02:41:14.663909
57486,2,Single-file observability instrumentation with careful span nesting but no logic changes,4,"Quickly addressed inline concern, clean approvals, deployed to all envs",deepseek/deepseek-v4-flash:free,2026-05-15T02:41:24.597685
57478,3,Multi-file feature involving specialized agent rules across multiple directories.,3,AI review and manual validation caught minor inaccuracies in rule wording and command examples.,deepseek/deepseek-v4-flash:free,2026-05-15T02:41:28.474517
57476,3,parse_error,3,parse_error,deepseek/deepseek-v4-flash:free,2026-05-15T02:42:05.129564
57474,2,Single-file fix adding one helper function and 4 test cases,3,Bug (alias leak) caught during review and test gap identified by reviewers,deepseek/deepseek-v4-flash:free,2026-05-15T02:42:15.089306
57473,1,"The PR changes only documentation metadata in three SKILL.md frontmatter fields, touching no code, data models, or API contracts.",5,"The PR is first-pass perfect—it is approved without revisions, is a pure documentation change with clear motivation, and has empirical test verification.",deepseek/deepseek-v4-flash:free,2026-05-15T02:42:36.778780
57475,3,parse_error,3,parse_error,deepseek/deepseek-v4-flash:free,2026-05-15T02:42:56.924985
57472,4,"The PR spans 16 files with 1078 added lines, introduces a new eval system with multiple scorers, modifies existing templates, and includes test infrastructure changes, making it an architectural-level change.",3,"The PR has multiple revisions with several rounds of automated bot discussions and one inline code review comment identifying a bug, indicating that the quality is moderate with 2-3 revision cycles.",deepseek/deepseek-v4-flash:free,2026-05-15T02:42:59.011162
57471,5,"This is a major feature (PR with 88 additions and 24 deletions across 2 files, with new TypedDict classes and multiple downstream changes).",5,"This is a first-pass perfect (passed type checks, caught a real bug in test fixtures, and was reviewed and iterated on appropriately).",deepseek/deepseek-v4-flash:free,2026-05-15T02:43:24.818908
57469,2,single-file fix,4,"clean, 2-3 revisions",deepseek/deepseek-v4-flash:free,2026-05-15T02:43:27.983933
57466,3,"One review noted a minor but inconsistent transaction marker, and a second approved it, so quality is moderate.",3,no explanation provided,deepseek/deepseek-v4-flash:free,2026-05-15T02:43:57.391678
57465,3,"Multi-file feature affecting 6 files with 76 additions, introducing a new output format (YAML), a new dependency (yaml), and updating documentation.",4,"Clean feature with thorough tests and approved, no reverted, with only minor parameterized test feedback.",deepseek/deepseek-v4-flash:free,2026-05-15T02:44:03.302833
57467,3,parse_error,3,parse_error,deepseek/deepseek-v4-flash:free,2026-05-15T02:44:25.901233
57461,4,"The code had reviews pointing out spoing risk and false positives that were addressed (docstring notes, logging), test coverage is solid, overall clean.",4,no explanation provided,deepseek/deepseek-v4-flash:free,2026-05-15T02:44:49.919270
57464,1,no explanation provided,1,no explanation provided,deepseek/deepseek-v4-flash:free,2026-05-15T02:45:11.492543
57459,1,"Single file change, trivial link update to a post-mortem URL.",4,PR approved cleanly without further rework cycles (single reviewer approval).,deepseek/deepseek-v4-flash:free,2026-05-15T02:45:19.352350
57458,3,parse_error,3,parse_error,deepseek/deepseek-v4-flash:free,2026-05-15T02:45:24.698104
57460,3,Multi-file fix (5 files) with new parameter propagation.,4,"Approved, team discussion, reverted False, but test needs improvement.",deepseek/deepseek-v4-flash:free,2026-05-15T02:45:37.663195
57456,3,parse_error,3,parse_error,deepseek/deepseek-v4-flash:free,2026-05-15T02:45:40.152486
57455,3,Multi-file consolidation of webhook routing across 5 files.,3,"Had a human approval after bot flagging, code is clean, but needed human review.",deepseek/deepseek-v4-flash:free,2026-05-15T02:45:50.063188
57454,2,PR is a trivial cherry-pick of an auto-generated commit to update OpenAPI types.,3,"PR relies on CI checks instead of manual testing, but is clean and not reverted.",deepseek/deepseek-v4-flash:free,2026-05-15T02:45:53.079186
57452,3,"Multi-file change touching tooling config, news rendering shell script, and test updates with a known trade-off.",3,Multiple reviewers raised concerns and the PR is reverted.,deepseek/deepseek-v4-flash:free,2026-05-15T02:46:02.308710
57449,3,no explanation provided,3,no explanation provided,deepseek/deepseek-v4-flash:free,2026-05-15T02:46:39.007308
57451,2,PR is single fix and deletion of a feature flag (27 added) to ship a feature to everyone,3,PR is reverted false (no revert history) but quality score is 3 (manual testing omitted),deepseek/deepseek-v4-flash:free,2026-05-15T02:46:57.233181
57445,3,"Multi-file feature touching backend OpenAPI definitions, MCP codegen, and a hand-written tool with 18 files/546 lines changed.",4,Clean with one reviewer fix request that was addressed before final approval and a thoughtful iterative design (OpenAPI extension replaced a suffix heuristic after review).,deepseek/deepseek-v4-flash:free,2026-05-15T02:47:20.061331
57443,5,no explanation provided,5,no explanation provided,deepseek/deepseek-v4-flash:free,2026-05-15T02:47:22.471933
57444,3,Time limit exceeded,4,no explanation provided,deepseek/deepseek-v4-flash:free,2026-05-15T02:47:28.463236
57442,1,15,1,15,deepseek/deepseek-v4-flash:free,2026-05-15T02:47:32.050778
57440,5,Multi-file feature,4,Clean,deepseek/deepseek-v4-flash:free,2026-05-15T02:47:46.845331
57439,3,parse_error,3,parse_error,deepseek/deepseek-v4-flash:free,2026-05-15T02:48:59.000407
57438,3,"Multi-file refactor with type co-location and config-driven rendering, but no architectural changes to data flow.",4,"Clean refactor approved with tests, story, and snapshot updates; no rework cycles.",deepseek/deepseek-v4-flash:free,2026-05-15T02:49:03.639627
57441,3,parse_error,3,parse_error,deepseek/deepseek-v4-flash:free,2026-05-15T02:49:08.451435
57436,4,"This PR introduces two new config fields with extracted utility, new test coverage, modified component code, and type exports — it's a multi-file feature with minor structural changes, not architectural.",4,no explanation provided,deepseek/deepseek-v4-flash:free,2026-05-15T02:49:10.033769
57434,3,parse_error,3,parse_error,deepseek/deepseek-v4-flash:free,2026-05-15T02:49:31.332376
57433,3,parse_error,3,parse_error,deepseek/deepseek-v4-flash:free,2026-05-15T02:49:34.549274
57435,3,parse_error,3,parse_error,deepseek/deepseek-v4-flash:free,2026-05-15T02:50:01.782649
57431,2,"The PR is a single-file fix with 17 added/10 removed lines, addressing a small UI bug.",5,"The PR was first-pass perfect (no revisions), clean, and already deployed to all environments.",deepseek/deepseek-v4-flash:free,2026-05-15T02:50:05.391731
57428,2,single-file fix,4,clean,deepseek/deepseek-v4-flash:free,2026-05-15T02:50:10.072139
57427,2,Single file change that simplifies dead code to a constant.,4,"Agent-authored with no manual testing, but mathematically correct and approved.",deepseek/deepseek-v4-flash:free,2026-05-15T02:50:21.477795
57426,2,Single feature flag removal across two files with no architectural changes.,4,"Clean removal of dead code with verified grep, but some noise from automated discussions.",deepseek/deepseek-v4-flash:free,2026-05-15T02:50:31.569175
57432,4,"Not reverted but had 2 inline code review issues identified by bots and fixed by author, indicating average quality with multiple revisions.",3,no explanation provided,deepseek/deepseek-v4-flash:free,2026-05-15T02:50:33.808123
57421,2,"The fix changes one file with 55+/23- lines, introducing a helper function and a context manager. The change is conceptually straightforward and addresses a memory leak., so it's a single fix.",3,"The PR was approved, with a comment about DB failure demotion addressed in code comments. Had one review comment; no showstippers.",deepseek/deepseek-v4-flash:free,2026-05-15T02:50:49.978773
57420,2,"Clean, approved, deployed, non-reverted instrumentation with thorough description.",4,no explanation provided,deepseek/deepseek-v4-flash:free,2026-05-15T02:50:53.609641
57419,3,"Only additive observability instrumentation spanning two files, with no logic change.",4,"Clean, approved, deployed without reworks, with passing tests.",deepseek/deepseek-v4-flash:free,2026-05-15T02:51:20.342828
57418,3,The PR spans roughly 2 files and involves caching timezone offsets per-hour.,4,"It was clean and one review approved, but the bot flagged a leftover decorator that needed a fix.",deepseek/deepseek-v4-flash:free,2026-05-15T02:51:33.430338
57416,4,"Multi-file change introduces chunked cohort query processing with new constants and conucy, mer.",4,"Clean code with well written description and passing tests, but minor issues flagged by bot.",deepseek/deepseek-v4-flash:free,2026-05-15T02:51:39.611505
57417,3,parse_error,3,parse_error,deepseek/deepseek-v4-flash:free,2026-05-15T02:51:41.924648
57410,3,parse_error,3,parse_error,deepseek/deepseek-v4-flash:free,2026-05-15T02:52:31.308960
57413,3,parse_error,3,parse_error,deepseek/deepseek-v4-flash:free,2026-05-15T02:52:35.831025
57404,2,"Single-file instrumentation with a helper, no logic change.",5,First-pass perfect with tests passing and approved.,deepseek/deepseek-v4-flash:free,2026-05-15T02:52:44.206562
57405,2,One-line CSS fix,5,First-pass perfect,deepseek/deepseek-v4-flash:free,2026-05-15T02:52:46.371337
57399,3,parse_error,3,parse_error,deepseek/deepseek-v4-flash:free,2026-05-15T02:53:01.575806
57400,1,"Adds only existing OpenTelemetry tracer import and decorators, no logic changes.",5,"First-pass perfect: automated review clean, deployed to all environments, no rework cycles.",deepseek/deepseek-v4-flash:free,2026-05-15T02:53:04.534157
57396,3,3 because it is a multi-file removal of telemetry logic with no functional or architectural changes.,4,"4 because it was approved on first review, has thorough problem analysis and clean removal, and passed automated checks with no rework cycles",deepseek/deepseek-v4-flash:free,2026-05-15T02:53:07.839733
57394,4,"This is a multi-file bug fix (4 files, 37 additions) with two distinct bugs requiring changes in core scales and BarChart logic, making it moderately complex rather than trivial or architectural.",4,"Quality is clean—no rework cycles reported, but one bot review comment remains indicating a test improvement suggestion was not addressed, though the core fix is correct and accepted.",deepseek/deepseek-v4-flash:free,2026-05-15T02:53:08.845072
57392,3,Added substantial new test classes for simulator/ealuator parity across multiple cadences.,4,Clean final code but required revisions to address test isolation concerns.,deepseek/deepseek-v4-flash:free,2026-05-15T02:53:27.978005
57391,3,"Green, several issues being discussed.",4,no explanation provided,deepseek/deepseek-v4-flash:free,2026-05-15T02:53:39.950022
57390,2,"The PR is a pure observability addition, adding OTel spans to existing methods across multiple files with no behavioral changes or logic modifications.",5,"The PR is a clean, first-pass perfect addition, approved, deployed, with no rework or revisions, no behavior changes.",deepseek/deepseek-v4-flash:free,2026-05-15T02:53:45.549153
57393,3,Multi-file feature change (3 files) with non-trivial logic alteration and test updates.,4,"Clean, well-tested, approved, and deployed with good feedback, but has one stale docstring issue noted.",deepseek/deepseek-v4-flash:free,2026-05-15T02:54:15.066436
57389,4,Multi-file feature with architectural changes to alert evaluation logic.,3,Clean implementation but with a test coverage gap identified in review.,deepseek/deepseek-v4-flash:free,2026-05-15T02:54:18.106493
57387,3,"The change spans 4 files and adds a new serializer field with validation, updates TypeScript schemas, and alters three call sites in the simulation logic, making it a multi-file feature extension.",4,"The PR is clean after a single review cycle—the author responded promptly to the bot comment, added the missing serializer field, and the final approved version passes all tests with no rework.",deepseek/deepseek-v4-flash:free,2026-05-15T02:54:24.745240
57386,3,"The changes span multiple files, introduce a new query helper and a shared constant, and require modifications to the activity's logic — thus multi-file feature.",3,"The PR appears clean but has the agent-authored testing approach, some review comments about timeout budget and test parametrization, indicating 2-3 revisions or feedback addressed (changed the timestamp window, gave filter a smaller budget).",deepseek/deepseek-v4-flash:free,2026-05-15T02:55:16.967853
57388,3,The PR received thorough review feedback but was satisfactorily addressed with follow-up commits and tests.,4,no explanation provided,deepseek/deepseek-v4-flash:free,2026-05-15T02:55:38.381885
57382,3,parse_error,3,parse_error,deepseek/deepseek-v4-flash:free,2026-05-15T02:56:14.759516
57381,3,Multi-file performance optimization addressing Redis/PG round-trips.,4,Clean with iterative improvements — all review concerns addressed.,deepseek/deepseek-v4-flash:free,2026-05-15T02:56:24.218972
57380,3,parse_error,3,parse_error,deepseek/deepseek-v4-flash:free,2026-05-15T02:56:27.538232
57378,3,parse_error,3,parse_error,deepseek/deepseek-v4-flash:free,2026-05-15T02:56:49.946038
57377,2,"This PR is a single-file, 6-line deletion of an orphaned type prop, which is a simple cleanup fix.",5,"The PR was verified by ripgrep, approved by reviewer, and deployed without issues, indicating it was first-pass perfect.",deepseek/deepseek-v4-flash:free,2026-05-15T02:56:55.039904
57376,3,3,4,Release Denied,deepseek/deepseek-v4-flash:free,2026-05-15T02:56:59.923836
57375,3,"The PR is a focused performance optimization across 3 files with a clear caching mechanism and shared helper, involving architectural considerations for cache key design and test coverage.",4,"The PR is clean, has clear problem/solution, 4 tests pass, reviews addressed (e.g. SECRET_KEY fingerprint), and deployed, but had minor inline feedback.",deepseek/deepseek-v4-flash:free,2026-05-15T02:57:13.448413
57379,4,no changes,4,no explanation provided,deepseek/deepseek-v4-flash:free,2026-05-15T02:57:16.365527
57372,4,"Multi-file architectural change with backend enforcement, registry, frontend UX, and new endpoint.",3,"2-3 revisions: multiple automated reviews with substantive findings, some addressed, others deferred for follow-up.",deepseek/deepseek-v4-flash:free,2026-05-15T02:57:25.897138
57370,3,no explanation provided,4,no explanation provided,deepseek/deepseek-v4-flash:free,2026-05-15T02:57:47.373635
57374,1,"Single-file refactor replacing importlib with runpy, no architectural or multi-file changes.",4,"Clean first-pass with minor comment about description inaccuracy, well-tested with existing CI.",deepseek/deepseek-v4-flash:free,2026-05-15T02:58:09.960527
57369,4,"Change touches a core utility file with a new decorator, uses both decorator and context manager patterns across multiple inline blocks, and introduces eight new span names, making it architectural-level complexity.",4,"The PR received multiple review comments but the author handled all of them with reasoned responses; the design is clean and the tests pass, though the tracer-per-call issue is a minor quality nit that prevents a perfect 5.",deepseek/deepseek-v4-flash:free,2026-05-15T02:58:13.965600
57365,3,"Clean first pass with multiple reviews, but passed at all times.",4,no explanation provided,deepseek/deepseek-v4-flash:free,2026-05-15T02:58:27.952606
57364,3,parse_error,3,parse_error,deepseek/deepseek-v4-flash:free,2026-05-15T02:58:44.051278
57366,3,Multiple changes across 5 files with code refactoring.,4,"Good test coverage and investigation, but some concerns were addressed.",deepseek/deepseek-v4-flash:free,2026-05-15T02:59:02.722355
57361,4,"The PR involves a multi-file, architectural change: introducing a new abstraction, several new helpers, and a new metric.",4,"The PR is clean, passes all gates, has unit and integration tests, and owners team sign-off; only minor cosmetic comments exist.",deepseek/deepseek-v4-flash:free,2026-05-15T02:59:09.117101
57362,2,"The PR is a single function off-by-one fix, which is a straightforward change.",5,"The PR was approved, had a well-structured regression test, and all inline comments were resolved, indicating first-pass quality.",deepseek/deepseek-v4-flash:free,2026-05-15T02:59:40.777845
57358,3,parse_error,3,parse_error,deepseek/deepseek-v4-flash:free,2026-05-15T02:59:59.070273
57357,3,Single fix with multi-file change (model update plus migration) addressing a performance bottleneck.,4,"Clean PR with safe concurrent migration, approved after automated safety checks, deployed to all environments.",deepseek/deepseek-v4-flash:free,2026-05-15T03:00:04.936420
57360,2,2,4,4,deepseek/deepseek-v4-flash:free,2026-05-15T03:00:05.418908
57350,3,"Single-file change but non-trivial logic (mtime based detection, exit handling) addressing a subtle silent no-op bug - moderate complexity.",4,"Well-tested with local verification, discussion and approval - clean implementation, waiting for the prerequisite merge.",deepseek/deepseek-v4-flash:free,2026-05-15T03:00:36.864352
57353,3,"Multi-file refactor (6 files, 117+ lines) with a new helper and test file, but no production code changes.",5,"Approved on first pass, author self-addressed bot comment in follow-up commit, all 87 tests pass.",deepseek/deepseek-v4-flash:free,2026-05-15T03:00:39.079177
57348,3,3,4,4,deepseek/deepseek-v4-flash:free,2026-05-15T03:00:45.776418
57347,4,"Architectural change requiring new client methods, multiple callsite migrations, and 137 tests across 13 files.",3,"Approved by one reviewer but had two review comments pointing to a cache inv.!n,at conflict and code duplication, both unaddressed in the review history.",deepseek/deepseek-v4-flash:free,2026-05-15T03:01:27.944353
57344,2,Single fix to one file with small changes.,4,"Clean, approvedfirst-pass but with a minor unresolved feedback comment.",deepseek/deepseek-v4-flash:free,2026-05-15T03:01:38.490009
57349,2,PR that reveres the comprehens will likely need rework from the community.,3,no explanation provided,deepseek/deepseek-v4-flash:free,2026-05-15T03:01:53.315050
57339,3,parse_error,3,parse_error,deepseek/deepseek-v4-flash:free,2026-05-15T03:02:14.904482
57337,3,Multi-file feature that adds new per-rule drop counters and threading through sampling pipeline.,4,"Clean PR with good test coverage, one approval, minor test coverage comment, deployed to production.",deepseek/deepseek-v4-flash:free,2026-05-15T03:02:20.370588
57338,4,2-3 revisions,3,no explanation provided,deepseek/deepseek-v4-flash:free,2026-05-15T03:02:37.668651
57335,2,"The PR adds a single new skill file, which is additive and not multi-file or architectural.",4,The PR was approved and the reviews indicated the skill was clean and additive.,deepseek/deepseek-v4-flash:free,2026-05-15T03:02:46.056691
57336,1,"The PR was approved, deployed without issues, and has two inline review comments that are reasonable but not blockers, making it clean but not first-pass perfect.",4,no explanation provided,deepseek/deepseek-v4-flash:free,2026-05-15T03:02:46.582517
57333,3,"Multi-file feature: 4 files changed, 10 lines added, touching prompt markdown, tool descriptions, and generated JSON schemas.",5,"First-pass perfect: two automated reviews both approved/dismissed non-showstocker, no rework cycles, deployed to all environments successfully.",deepseek/deepseek-v4-flash:free,2026-05-15T03:03:26.156272
57334,3,4,5,no explanation provided,deepseek/deepseek-v4-flash:free,2026-05-15T03:04:16.231511
57331,2,Two files changed with moderate refactor.,4,Clean refactor with minor improvement suggestions.,deepseek/deepseek-v4-flash:free,2026-05-15T03:04:24.259918
57330,3,Multi-file feature adding 7 RPCs across full stack,4,Clean with some minor issues surfaced in review,deepseek/deepseek-v4-flash:free,2026-05-15T03:05:10.963702
57326,2,"Small 2-file refactor that adds instrumentation to the home view, with no architectural or API changes.",4,"Clean change with test coverage and approval, but catches Exception base class instead of specific Resolver404, a minor improvement opportunity.",deepseek/deepseek-v4-flash:free,2026-05-15T03:05:15.201868
57327,5,quality,5,complex,deepseek/deepseek-v4-flash:free,2026-05-15T03:05:36.561731
57324,2,"The PR adds only two documentation-only files with no production code, API, or data model changes, making it low complexity.",3,"The PR was approved but had multiple inline review comments from Greptile that prompted a rework section, indicating it was not first-pass perfect and needed revisions.",deepseek/deepseek-v4-flash:free,2026-05-15T03:06:23.261872
57322,5,14,5,13,deepseek/deepseek-v4-flash:free,2026-05-15T03:06:28.901338
57320,3,"PR is approved, clean, with minor issues flagged, but the reviewer says small, focused fix.",4,no explanation provided,deepseek/deepseek-v4-flash:free,2026-05-15T03:06:33.335487
57325,3,"Multi-file feature with 25 lines changed requiring model/index definition and migration creation, but no architectural change.",4,"Clean PR with needed migration (AddIndexConcurrently, non-blocking), deployed to all environments, reviewed and ultimately approved.",deepseek/deepseek-v4-flash:free,2026-05-15T03:06:35.449521
57318,3,"The PR is 5 files with 124 added lines, adding click handling to the bar chart, but it's not architectural.",4,"Clean; all bot-raised issues were addressed in follow-up commits and confirmed fixed, only one minor reviewer comment.",deepseek/deepseek-v4-flash:free,2026-05-15T03:06:37.792589
57316,3,no explanation provided,3,no explanation provided,deepseek/deepseek-v4-flash:free,2026-05-15T03:06:54.051167
57315,4,"Architectural refactor changing command loading from eager to lazy via manifest, affecting 30 files.",5,"This PR passed tests, received human approval, and has an approving review with only minor non-blocking suggestions.",deepseek/deepseek-v4-flash:free,2026-05-15T03:07:01.784809
57312,2,"Clean, approved, but missing one test assertion",4,no explanation provided,deepseek/deepseek-v4-flash:free,2026-05-15T03:07:07.825275
57311,3,parse_error,3,parse_error,deepseek/deepseek-v4-flash:free,2026-05-15T03:07:24.967025
57310,3,no explanation provided,4,no explanation provided,deepseek/deepseek-v4-flash:free,2026-05-15T03:07:45.160863
57314,2,no explanation provided,3,no explanation provided,deepseek/deepseek-v4-flash:free,2026-05-15T03:07:46.757227
57308,3,"The PR was clean, included test updates, handled the potential duplication side effect, and shipped without long rework cycles.",4,no explanation provided,deepseek/deepseek-v4-flash:free,2026-05-15T03:07:53.940477
57307,5,no explanation provided,5,no explanation provided,deepseek/deepseek-v4-flash:free,2026-05-15T03:08:18.273231
57309,3,"This is a multi-file feature that adds a new `selectingKeyOnly` prop across 12 call sites, modifies the `recordRecentFilter` action, and includes new tests.",4,"The PR underwent one round of review feedback with convergent findings addressed in a follow-up commit, and was ultimately approved.",deepseek/deepseek-v4-flash:free,2026-05-15T03:08:31.792364
57305,3,no explanation provided,4,no explanation provided,deepseek/deepseek-v4-flash:free,2026-05-15T03:08:37.174291
57304,5,"The PR introduces an entirely new product module with multiple architectural components (orchestrator, sandbox, plugin) across 53 files with over 5300 additions.",3,"The PR has 36 passing unit tests and automated reviews, but it is agent-authored with open lower-seerity issues requiring human review before merge, so I'll score it as needing further feedback.",deepseek/deepseek-v4-flash:free,2026-05-15T03:08:41.677548
57302,2,A single-file test-only refactor with no production code changes.,4,"The PR was approved, deterministic, and had only minor improvement suggestions.",deepseek/deepseek-v4-flash:free,2026-05-15T03:08:44.743501
57298,3,"The PR implements a new feature spanning multiple files (8 files), adding a new state and logic to sync comment selection.",3,"The code is approved by a human reviewer, but the bot raised two issues about throttling and scroll behavior.",deepseek/deepseek-v4-flash:free,2026-05-15T03:08:53.185494
57299,4,4,4,4,deepseek/deepseek-v4-flash:free,2026-05-15T03:08:58.631715
57296,3,"The fix required restructuring the SQL query and understanding the session-based bucketing bug, but was only one fix to the SQL template.",5,"The fix was approved, deployed, and had no multiple revisions; the PR description was detailed and included regression test.",deepseek/deepseek-v4-flash:free,2026-05-15T03:09:06.274031
57297,3,Multi-file feature adding a new experiment to demo data.,5,"First-pass perfect: approved, clean, tested, no rework.",deepseek/deepseek-v4-flash:free,2026-05-15T03:09:17.177622
57293,3,"2-3 revisions shown by bot flag and inline reviews, but approved by one human.",3,no explanation provided,deepseek/deepseek-v4-flash:free,2026-05-15T03:09:33.936928
57288,2,single config value change,5,"first-pass perfect, clean, approved",deepseek/deepseek-v4-flash:free,2026-05-15T03:09:38.276904
57292,2,"Single bug fix in one file (durations_ms change) and test addition – a one-file change with minimal logic, but is multi-file? Actually 2 files – so 2 is appropriate.",4,"Clean, well-written PR with concise summary, test, and approved by bot; only suggestion for parameterized test but that's minor – quality is high.",deepseek/deepseek-v4-flash:free,2026-05-15T03:10:16.229682
57286,4,"The PR involves multi-file changes with a subtle bug fix and data format handling, which is moderate but not trivial.",4,"The code is approved and deployed with thorough testing, though introduction of a new query object may warrant a minor revision.",deepseek/deepseek-v4-flash:free,2026-05-15T03:10:21.333847
57287,4,"Multi-file feature with a new hook, an API helper, test coverage, and changes to the existing webhook creation logic.",4,Clean PR with thorough test coverage and passing CI including all 59 tests.,deepseek/deepseek-v4-flash:free,2026-05-15T03:10:47.709929
57284,3,Multi-file relocation with careful path updates but no logic changes.,4,Clean chore with thorough testing and clear description.,deepseek/deepseek-v4-flash:free,2026-05-15T03:11:09.182745
57285,2,This PR is a single revert with minor SQL changes.,4,Approved and deployed without significant revisions.,deepseek/deepseek-v4-flash:free,2026-05-15T03:11:18.547648
57283,2,Single-line SQL fix with one file changed.,3,no explanation provided,deepseek/deepseek-v4-flash:free,2026-05-15T03:11:19.400560
57282,2,"Clean, one revision, good testing.",4,no explanation provided,deepseek/deepseek-v4-flash:free,2026-05-15T03:11:26.133522
57279,1,no explanation provided,4,no explanation provided,deepseek/deepseek-v4-flash:free,2026-05-15T03:11:29.565198
57278,2,The PR is a single bug fix in three files with a small change.,4,"The PR is clean, reviewed, and merged with no rework cycles, but has a minor unaddressed comment.",deepseek/deepseek-v4-flash:free,2026-05-15T03:11:37.662081
57280,3,parse_error,3,parse_error,deepseek/deepseek-v4-flash:free,2026-05-15T03:12:15.702924
57277,3,"Time limit exceeded, but the PR required careful addition of many taxonomy entries across taxonomy.py and the generated json file.",4,"Time limit exceeded, but the PR is clean and careful, with tests and avoiding regression.",deepseek/deepseek-v4-flash:free,2026-05-15T03:12:28.936839
57275,4,no explanation provided,3,no explanation provided,deepseek/deepseek-v4-flash:free,2026-05-15T03:12:53.157221
57276,3,parse_error,3,parse_error,deepseek/deepseek-v4-flash:free,2026-05-15T03:13:32.227204
57273,3,The fix spans three files and requires understanding of concurrent race conditions between separate Temporal processes.,4,"The PR is cleanly scoped with a minimal fix, solid regression test, and e2e strengthening, though a minor redundant assertion was flagged.",deepseek/deepseek-v4-flash:free,2026-05-15T03:13:40.338110
57274,3,parse_error,3,parse_error,deepseek/deepseek-v4-flash:free,2026-05-15T03:13:48.739106
57269,3,"Multi-file feature (4 files) but purely observability plumbing, no logic change",4,"Well-tested, clean, with one minor nit but overall quality",deepseek/deepseek-v4-flash:free,2026-05-15T03:14:10.746949
57267,3,no explanation provided,3,no explanation provided,deepseek/deepseek-v4-flash:free,2026-05-15T03:14:18.436391
57264,2,trivial fix,4,clean fix,deepseek/deepseek-v4-flash:free,2026-05-15T03:14:43.123458
57260,3,parse_error,3,parse_error,deepseek/deepseek-v4-flash:free,2026-05-15T03:14:45.602629
57271,3,parse_error,3,parse_error,deepseek/deepseek-v4-flash:free,2026-05-15T03:14:59.015474
57259,2,A single fix/ownership change and flag removal.,3,Clean diff but reviewer flagged the behavioral change and no CODEOWNERS match.,deepseek/deepseek-v4-flash:free,2026-05-15T03:15:02.244730
57258,3,"multi-file feature with new HogQL modifier, wired into TrendsQueryRunner, careful flag-gating",4,"code review issues fixed proactively, two approvals, comprehensive tests/benchmarks, careful rollout via flag",deepseek/deepseek-v4-flash:free,2026-05-15T03:15:02.935414
57257,3,3,2,2,deepseek/deepseek-v4-flash:free,2026-05-15T03:15:57.915752
57249,3,Multi-file consolidation and addition requiring several structural changes and plumbing.,5,"First-pass perfect—the PR addressed each review feedback with concrete assertions, was approved, and completed without rework.",deepseek/deepseek-v4-flash:free,2026-05-15T03:16:36.185787
57244,3,no explanation provided,3,no explanation provided,deepseek/deepseek-v4-flash:free,2026-05-15T03:17:42.953679
57237,3,Multi-file feature adding tags to query builders across 11 files with tests.,4,Clean change that was approved with no rework cycles.,deepseek/deepseek-v4-flash:free,2026-05-15T03:17:51.458131
57236,2,"{'complexity_score': 2, 'complexity_rationale': 'One approval, one inline spelling fix, first-pass close to perfect. Quality = 4.', 'quality_score': 4}",4,"One approval, one inline spelling fix, first-pass close to perfect; quality = 4.",deepseek/deepseek-v4-flash:free,2026-05-15T03:18:08.764049
57235,4,1,5,1,deepseek/deepseek-v4-flash:free,2026-05-15T03:18:12.010295
57238,5,"High-Re risk flagged by hex-security-app[bot], GREptile apps provided inline, and deploy status shows successful deployment but no first-pass perfect.",3,no explanation provided,deepseek/deepseek-v4-flash:free,2026-05-15T03:18:14.251839
57232,2,The PR modifies only one file with a straightforward refactor to move duplicate/remove icons into a kebab menu.,4,The PR was approved with no revisions requested and passed automated checks.,deepseek/deepseek-v4-flash:free,2026-05-15T03:18:15.084237
57229,3,"Single-file skill addition that is pure documentation, but required agent authoring, verification through lint and build steps, and touches the new skill template area.",4,"Clean PR with a minor naming inconsistency caught in review, already deployed to all environments, authored by a team member and accepted.",deepseek/deepseek-v4-flash:free,2026-05-15T03:18:21.344588
57228,2,PR,4,PR.,deepseek/deepseek-v4-flash:free,2026-05-15T03:18:24.208112
57231,3,Clean code with one required fix that was addressed.,4,no explanation provided,deepseek/deepseek-v4-flash:free,2026-05-15T03:19:11.044287
57223,3,"Multi-file fix addressing two production bugs, involving SQL logic changes, test updates, and documentation corrections.",4,Approved by team member with thorough inline documentation and new tests; feedback addressed stale docstring and test comment.,deepseek/deepseek-v4-flash:free,2026-05-15T03:19:17.110004
57226,3,parse_error,3,parse_error,deepseek/deepseek-v4-flash:free,2026-05-15T03:19:43.132625
57222,2,"Correct fix passes both null-deleted and already-working soft-deleted tests, TDD was followed, PR was reviewed, approved, and deployed, with only one minor style-level suggestion.",4,no explanation provided,deepseek/deepseek-v4-flash:free,2026-05-15T03:19:46.880584
57220,2,"Pure rename of two files with no logic changes, shrinking the shared library surface.",5,"Clean, well-documented PR with passing tests, reviewer approval, and deployment success on first attempt.",deepseek/deepseek-v4-flash:free,2026-05-15T03:19:51.122817
57221,3,parse_error,3,parse_error,deepseek/deepseek-v4-flash:free,2026-05-15T03:19:52.430487
57216,4,"Approved by a human reviewer, but bot comments uncovered two minor bugs that would be fixed in a later revision.",4,no explanation provided,deepseek/deepseek-v4-flash:free,2026-05-15T03:19:58.610494
57215,4,The PR underwent review-driven revisions addressing Greptile and human comments.,3,no explanation provided,deepseek/deepseek-v4-flash:free,2026-05-15T03:20:13.767856
57219,2,Single-line method rename fix in one file.,5,First-pass perfect with clear problem description and testing.,deepseek/deepseek-v4-flash:free,2026-05-15T03:20:15.275581
57212,3,parse_error,3,parse_error,deepseek/deepseek-v4-flash:free,2026-05-15T03:20:41.594915
57213,3,parse_error,3,parse_error,deepseek/deepseek-v4-flash:free,2026-05-15T03:20:52.212764
57211,3,"The PR spans 5 files with 474 additions, introduces new modules for bar scales and layout, and is part of a stacked PR chain.",4,"The PR author addressed all three code review comments via follow-up commits, resulting in a clean, approved PR.",deepseek/deepseek-v4-flash:free,2026-05-15T03:21:14.873034
57209,3,parse_error,3,parse_error,deepseek/deepseek-v4-flash:free,2026-05-15T03:21:37.416413
57208,1,The PR is a simple two-file documentation update with 10 additions and one deletion.,4,"The PR was cleanly approved by the bot reviewer and with a single inline comment (+1), with no rework cycles, although the description claims it was human-authored despite agent context.",deepseek/deepseek-v4-flash:free,2026-05-15T03:21:41.086779
57210,3,Multi-file feature adding bar canvas primitives in 2 files with no consumer yet.,4,Clean aside from some P2 test concerns noted by bot.,deepseek/deepseek-v4-flash:free,2026-05-15T03:21:48.953276
57206,3,"Multi-file feature, architectural, PR with CI config changes",3,Approved but had unaddressed review comments,deepseek/deepseek-v4-flash:free,2026-05-15T03:22:05.494581
57202,2,Single-line CSS class addition to two elements is a trivial fix.,2,Only one approval (no revisions) but high-noise automation comments.,deepseek/deepseek-v4-flash:free,2026-05-15T03:22:17.649874
57207,3,"The PR adds a new CI workflow, a license file, and documentation, involving multiple files and infrastructure change, but no code changes to the package itself.",3,"The PR has unresolved security concerns and a version verification bypass issue, requiring multiple reviewer comments.",deepseek/deepseek-v4-flash:free,2026-05-15T03:22:30.195827
57200,3,parse_error,3,parse_error,deepseek/deepseek-v4-flash:free,2026-05-15T03:22:55.734266
57199,4,"This is an architectural refactor that lifts derived trends series logic from a React component into a pure transform module, touching multiple files with 320 added lines and a significant test expansion.",4,"The PR is clean with comprehensive tests, a focused description, and an approved review, though there was a test review comment that was addressed.",deepseek/deepseek-v4-flash:free,2026-05-15T03:23:07.219747
57197,2,One-line change in one file - trivial fix for a merge artifact.,4,"PR was approved, no rework, but author flagged no manual testing.",deepseek/deepseek-v4-flash:free,2026-05-15T03:23:58.449867
57196,4,"The PR modifies 4 files with 96 lines added, introduces pagination and filtering logic across the wizard and schemas tab, and touches the logic's reducer/listener, making it a multi-file feature with an architectural scope.",4,"The PR includes automated typegen and type checks, 47/47 tests pass, and the human reviewer approved it, though Codex found a minor regression regarding deep-link access mode switching.",deepseek/deepseek-v4-flash:free,2026-05-15T03:24:04.864648
57195,3,0,2,0,deepseek/deepseek-v4-flash:free,2026-05-15T03:24:11.778525
57201,3,parse_error,3,parse_error,deepseek/deepseek-v4-flash:free,2026-05-15T03:24:27.814326
57193,3,no explanation provided,4,time,deepseek/deepseek-v4-flash:free,2026-05-15T03:24:43.177181
57194,4,"The PR is a rename across many files and a migration, but is an architecture- level change.",4,The PR is thorough documentation and tests but requires human review.,deepseek/deepseek-v4-flash:free,2026-05-15T03:25:19.837214
57190,2,A single-file fix that replaces an ORM lookup with the proper feature flag check.,5,"Approved with minimal revisions, and tests updated accordingly.",deepseek/deepseek-v4-flash:free,2026-05-15T03:25:26.297091
57187,3,parse_error,3,parse_error,deepseek/deepseek-v4-flash:free,2026-05-15T03:25:30.486245
57191,3,parse_error,3,parse_error,deepseek/deepseek-v4-flash:free,2026-05-15T03:25:35.718425
57186,2,2,3,"The PR has a redundant conditional guard left in the code that was commented by the bot, but was approved nonetheless.",deepseek/deepseek-v4-flash:free,2026-05-15T03:25:39.109414
57180,3,"Multi-file systematic change across 14 workflows, but not architectural/ major feature",5,"First-pass perfect: approved, tested, clean follow-up with zero failures",deepseek/deepseek-v4-flash:free,2026-05-15T03:25:48.818297
57186,2,"The PR is clean and addresses the review feedback, but has minor repetitive review issues.",4,no explanation provided,deepseek/deepseek-v4-flash:free,2026-05-15T03:26:20.332292
57177,2,Delay is at 0 seconds.,5,Delay is at 0 seconds.,deepseek/deepseek-v4-flash:free,2026-05-15T03:26:24.007741
57179,3,Multi-file targeted fix addressing a real memory leak across 6 files.,3,"Excellent empirical evidence and documentation, but had a bug found and rework cycle triggered by automatic reviews.",deepseek/deepseek-v4-flash:free,2026-05-15T03:26:26.815325
57175,2,"1 added, 11 removed, 5 files — docs-only; complexity: single fix",4,One open review comment asking for consistency. Two approved; dev deployed. No test run. Quality: 4,deepseek/deepseek-v4-flash:free,2026-05-15T03:26:30.359888
57174,2,"Single file change with substantive content, not trivial.",5,"Approved on first pass, no revisions needed.",deepseek/deepseek-v4-flash:free,2026-05-15T03:26:36.399274
57168,3,"The quality is clean with two approvals and lint pass, but bot comments suggest minor improvements (no unit test) and no manual auth-flow test.",4,no explanation provided,deepseek/deepseek-v4-flash:free,2026-05-15T03:26:40.547176
57167,3,"Some rework needed based on a logic error identified by a review bot, but overall quality is decent.",3,"The PR implements a multi-file bug fix with new features, but has a potential logic issue identified in review.",deepseek/deepseek-v4-flash:free,2026-05-15T03:27:30.338334
57173,3,parse_error,3,parse_error,deepseek/deepseek-v4-flash:free,2026-05-15T03:27:30.914707
57165,3,Fixes a single problem across 5 files with a new exception class and test coverage.,4,"Clean, well-tested, with low rework cycles (2-3 minor naming suggestions).",deepseek/deepseek-v4-flash:free,2026-05-15T03:27:42.424567
57164,4,"This is a multi-file feature (18 files, 441 added) adding a new custom tags capability to session summaries, spanning backend validation, model changes, prompt injection, frontend UI, and migration.",3,"The PR has multiple revisions: the description mentions reverted state, includes inline review feedback with security and correctness issues, and the test code section states automated tests only (not manual).",deepseek/deepseek-v4-flash:free,2026-05-15T03:27:46.507049
57162,2,no explanation provided,3,no explanation provided,deepseek/deepseek-v4-flash:free,2026-05-15T03:28:12.050564
57161,3,no explanation provided,3,no explanation provided,deepseek/deepseek-v4-flash:free,2026-05-15T03:28:16.721087
57166,3,no explanation provided,3,no explanation provided,deepseek/deepseek-v4-flash:free,2026-05-15T03:28:22.383880
57159,1,The PR was approved first-pass with only one reviewer and no rework cycles.,5,no explanation provided,deepseek/deepseek-v4-flash:free,2026-05-15T03:28:26.226606
57158,3,parse_error,3,parse_error,deepseek/deepseek-v4-flash:free,2026-05-15T03:28:29.758324
57157,3,"The PR is a moderate, multi-file feature (7 files changed, 34 additions) that modifies backend logic and tests.",4,"The PR underwent a few revision cycles (initial feedback, two inline Copilot comments, and ultimately deployed successfully) but delivered a clean change.",deepseek/deepseek-v4-flash:free,2026-05-15T03:28:42.074275
57156,3,parse_error,3,parse_error,deepseek/deepseek-v4-flash:free,2026-05-15T03:28:44.975594
57154,3,parse_error,3,parse_error,deepseek/deepseek-v4-flash:free,2026-05-15T03:29:06.484597
57160,3,Multi-file feature expanding language options with new label-generation utility and test coverage.,4,"Clean PR with all three bot-raised concerns fixed, approved, and tests covering both frontend and backend.",deepseek/deepseek-v4-flash:free,2026-05-15T03:29:12.618975
57153,2,"The PR involves a straightforward change to log the URL in the body, affecting only 2 files.",3,"Reviewers identified an inconsistency in separator and potential breakage of event name consumers, requiring revisions.",deepseek/deepseek-v4-flash:free,2026-05-15T03:29:12.720513
57150,4,"The PR introduces an entirely new out-of-band billing aggregator with a shadow keyspace, requiring architectural changes across many files and careful thread-safety design.",3,"The code review uncovered partial-commit hazards in the pipeline, double-counting of metrics in the shutdown path, and several testing flaky concerns.",deepseek/deepseek-v4-flash:free,2026-05-15T03:29:19.355277
57152,4,"The change is architectural, refactor to lift transforms to a pure module, involves 3 files and test.",4,"The change is clean, behavior-preserving, with 13 unit tests and 45 existing tests pass unchanged, with author address all feedback except 2, and approved.",deepseek/deepseek-v4-flash:free,2026-05-15T03:30:09.627725
57149,3,PR is multi-file feature (21 files) involving architectural changes to serializers and tools,4,"PR is clean with only minor reviewer suggestions, has tests, and was not reverted",deepseek/deepseek-v4-flash:free,2026-05-15T03:30:10.056504
57148,2,"The change involves a single file with a clear, documented modification to workflow triggers.",4,"The PR is well-described and includes justification, test strategy, and context; it had at least one human approval and no revereds.",deepseek/deepseek-v4-flash:free,2026-05-15T03:30:16.585501
57146,4,"This PR implements a new poison-pill isolation mechanism across 4 files including test updates, logical changes, and multiple inline review comments.",4,"The PR includes good test coverage and description, but review comments requested changes for production issues (P1/P2) and test positioning.",deepseek/deepseek-v4-flash:free,2026-05-15T03:30:58.404394
57144,1,1 - This is a trivial docs-only change in a single file.,5,"5 - This is a clean, approved first-pass perfect change.",deepseek/deepseek-v4-flash:free,2026-05-15T03:31:31.418534
57143,3,"Multi-file feature adding a Temporal job with workflow, activities, schedule, and env vars across 8 files.",3,"Clean PR with a reviewer approval, but moderate quality issues identified by automated tools led to revisions.",deepseek/deepseek-v4-flash:free,2026-05-15T03:31:51.138879
57142,5,"This is an architectural reimplementation of the Kafka consumer to fix three race conditions, spanning 22 files with ~1866 additions.",4,"Approved with minor inline comments about misleading comments and unhandled promise rejections, but not reverted and well-tested.",deepseek/deepseek-v4-flash:free,2026-05-15T03:31:59.290153
57145,4,Architectural change requiring clock parameterization and test infrastructure in 4 files.,4,"Clean with minor comment but no rework cycles, approved and deployed.",deepseek/deepseek-v4-flash:free,2026-05-15T03:32:02.870187
57140,3,parse_error,3,parse_error,deepseek/deepseek-v4-flash:free,2026-05-15T03:32:06.876936
57139,2,A simple refactor hoisting a network call out of a loop.,5,"Clean, first-pass fix, approved on first review, deployed with no rework.",deepseek/deepseek-v4-flash:free,2026-05-15T03:32:12.091006
57137,5,5,5,5,deepseek/deepseek-v4-flash:free,2026-05-15T03:32:33.276707
57136,3,4,3,no explanation provided,deepseek/deepseek-v4-flash:free,2026-05-15T03:32:42.296308
57141,3,no explanation provided,3,no explanation provided,deepseek/deepseek-v4-flash:free,2026-05-15T03:32:45.622410
57135,3,no explanation provided,4,no explanation provided,deepseek/deepseek-v4-flash:free,2026-05-15T03:32:50.139643
57134,3,parse_error,3,parse_error,deepseek/deepseek-v4-flash:free,2026-05-15T03:33:27.874153
57132,3,routine multi-file sync update to match upstream backend PR,5,"approved by reviewer, deployed to prod, tests passed, no rework",deepseek/deepseek-v4-flash:free,2026-05-15T03:33:44.835674
57131,3,"Multi-file feature involving schema changes, new admin registrations, GitHub token injection, and endpoint additions.",3,"2-3 revisions with debugging artifacts and silent fall-through comments, but overall clean with a deployment confirmed.",deepseek/deepseek-v4-flash:free,2026-05-15T03:33:50.922318
57129,2,"The change adds a new model to a list and updates test fixtures, requiring no architectural changes.",3,"The PR was approved, passed tests, and was deployed to all environments, but a code review highlighted a minor pre-existing test duplication.",deepseek/deepseek-v4-flash:free,2026-05-15T03:33:55.071719
57127,3,This is a small multi-file feature adding a new Kafka cluster profile and routing two topics,4,"The PR is clean, approved, deployed successfully, and has a clear problem/solution description",deepseek/deepseek-v4-flash:free,2026-05-15T03:33:58.767165
57128,3,Three: This is a multi-file feature (8 files) that removes a feature flag and adds new props to a component to enable the SQL editor for all SQL nodes.,4,"Four: The PR was deployed, approved by one reviewer, and the code is well structured despite minor issues flagged by bots; it is clean.",deepseek/deepseek-v4-flash:free,2026-05-15T03:34:22.325538
57123,3,"Multi-file change with new settings, exception, and two-three tests but architectural reasoning.",4,"Two reviews caught minor error message and test coverage issues, but first-pass near-perfect with clean diff.",deepseek/deepseek-v4-flash:free,2026-05-15T03:34:43.292231
57121,3,The PR addressed feedback and added tests but required snapshot updates.,4,no explanation provided,deepseek/deepseek-v4-flash:free,2026-05-15T03:35:00.847185
57120,3,parse_error,3,parse_error,deepseek/deepseek-v4-flash:free,2026-05-15T03:35:25.365879
57126,3,parse_error,3,parse_error,deepseek/deepseek-v4-flash:free,2026-05-15T03:35:30.195421
57118,3,one file core change plus a test file: a focused SQL-level fix for a customer-reported double-counting bug.,4,"clean, targeted fix with a pinpointed test, customer report, and approval; review comments suggest minor polishing.",deepseek/deepseek-v4-flash:free,2026-05-15T03:36:03.052145
57117,2,"The PR adds a cache saving step in the CI workflow for master pushes, requiring a single file change but not an architectural or multi-file feature.",4,"The PR has a comprehensive description and was approved, but had a bot review finding a version inconsistency. It is not perfect but it's acceptable for clean.",deepseek/deepseek-v4-flash:free,2026-05-15T03:36:19.625576
57116,3,"PR involves a single fix that touches 5 files, adding a warning when filters are unused.",4,"PR was approved directly without further revisions, indicating clean, well-implemented change.",deepseek/deepseek-v4-flash:free,2026-05-15T03:36:25.109024
57111,3,"Multi-file feature requiring conditional toolbar hiding, but no architectural change",5,"First-pass perfect, approved without rework, deployed cleanly",deepseek/deepseek-v4-flash:free,2026-05-15T03:36:31.293350
57107,3,"Multi-file feature: added 109 lines, 7 files, new header/query param, tests, README update.",5,"Clean PR with tests (9 unit tests, all pass), clear description, changelog flagged; the unused constant comment is minor.",deepseek/deepseek-v4-flash:free,2026-05-15T03:36:34.980186
57104,3,no explanation provided,4,no explanation provided,deepseek/deepseek-v4-flash:free,2026-05-15T03:36:39.461728
57103,2,"Clean fix, approved by reviewer, comprehensive tests covering all behavior matrix cases, no rework cycles.",4,no explanation provided,deepseek/deepseek-v4-flash:free,2026-05-15T03:36:45.087290
57112,1,"Time for reading each file exceeded, overall PR shows trivial docs change (adding one pointer line to 9 tool descriptions across 3 files).",4,"Time for reading each file exceeded, but PR was accepted by review, deployed, and consistently updates YAML and JSON source with no logic change.",deepseek/deepseek-v4-flash:free,2026-05-15T03:37:15.697668
57099,4,"The PR is well-researced with data-driven investigation, is accepted with one approval and one comment with suggestions for improvements.",4,no explanation provided,deepseek/deepseek-v4-flash:free,2026-05-15T03:37:24.636265
57098,3,Multi-file feature adding new enum values and passing metadata to existing tag_queries calls.,4,"Approved first-pass with minor test improvement suggestion, no rework cycles.",deepseek/deepseek-v4-flash:free,2026-05-15T03:37:30.383195
57097,3,"Quality is clean with minor issues (1 missing snapshot and 1 guard inconsistency) from automated bot review, but approved by human reviewer and overall thorough."", ""quality_score"": 4",3,no explanation provided,deepseek/deepseek-v4-flash:free,2026-05-15T03:37:34.530128
57101,3,"The PR involves a bug fix with changes in two files (test and source), requiring logic to reset configuration based on destination type, making it a moderate multi-file fix.",4,"The PR is clean, approved by a reviewer, includes a unit test, and only one minor suggestion was rejected by the author, indicating high quality.",deepseek/deepseek-v4-flash:free,2026-05-15T03:37:42.931005
57096,2,Single file refactor with just memoization hooks,4,Clean memoization refactor with correct dependency arrays and no behavior changes,deepseek/deepseek-v4-flash:free,2026-05-15T03:38:00.010995
57093,5,Major feature,5,First-pass perfect,deepseek/deepseek-v4-flash:free,2026-05-15T03:38:07.401071
57092,3,"3 files added/59 lines changed, wrapping existing code in instrumentation is multi-file feature but not architectural.",4,"Second-pass perfect, approved, deployed, but has two review comments on details.",deepseek/deepseek-v4-flash:free,2026-05-15T03:38:23.556099
57091,3,no explanation provided,4,no explanation provided,deepseek/deepseek-v4-flash:free,2026-05-15T03:38:29.775695
57090,3,Multi-file feature but small change,3,"Spotted bug, fix needed (count encoding), but still 2-3 revisions",deepseek/deepseek-v4-flash:free,2026-05-15T03:38:34.590172
57089,2,"PR is 3 files changed with 16 additions and deletions, purely colocating tests and stories.",4,"Clean refactor with clear rationale, approved without revisions and no reverted commits.",deepseek/deepseek-v4-flash:free,2026-05-15T03:38:38.015264
57095,3,"The diff touches multiple files (both query runner classes plus a new test helper and test suite), introduces a new constant, adds a predicate function and two gating calls — a straightforward multi-file feature, not a major architectural change.",4,"The PR was approved without blockers, has thorough test coverage (15 new tests and all existing tests pass), and the post-review comments (e.g., greptile’s `timezone.now` note) are minor polish; the quality is solid and clean.",deepseek/deepseek-v4-flash:free,2026-05-15T03:38:51.393639
57087,3,"This is a multi-file feature that modifies three files, adds a new function, a property, and parameterizes an existing function to support the new feature.",4,"The PR is clean with comprehensive tests and a well-structured description, but it had one minor inline suggestion about consolidating tests—the actual code is robust, the parameterized test is already used in practice..",deepseek/deepseek-v4-flash:free,2026-05-15T03:38:57.562807
57086,3,parse_error,3,parse_error,deepseek/deepseek-v4-flash:free,2026-05-15T03:39:49.466779
57085,3,"This is a multi-file feature that required several design adjustments to tool rendering, multiple provider shapes, and test coverage.",3,"Multiple review rounds were needed to address issues with dead code, prompt layout, compact parameter rendering, and provider-specific formats.",deepseek/deepseek-v4-flash:free,2026-05-15T03:39:53.891143
57088,1,"Trivial removal of three already-retired feature flag constants and an unused import, with zero logic change.",5,"Routine clean removal by flag owner, approved with no comments, passes all checks, no revert (Revered: False).",deepseek/deepseek-v4-flash:free,2026-05-15T03:39:56.805508
57084,3,3,4,4,deepseek/deepseek-v4-flash:free,2026-05-15T03:40:33.576199
57083,1,"Single-file, trivial addition of an OpenTelemetry span with one minor fix after review.",4,"Clean, deployable change with one consistent fix, not reverted, but one revision cycle.",deepseek/deepseek-v4-flash:free,2026-05-15T03:40:47.933989
57081,3,The PR is a clean PR but with minor issues (dead code) that are resolved by author.,4,no explanation provided,deepseek/deepseek-v4-flash:free,2026-05-15T03:40:49.492210
57080,5,"The PR spans multiple files, introduces a new hook, changes type definitions, and fixes correctness issues alongside rerender optimizations, so it is a multi-file feature with some architectural refinements.",5,"The PR was reviewed by the author and a bot, found one issue that was fixed, and had tests passing — overall clean with one revision.",deepseek/deepseek-v4-flash:free,2026-05-15T03:40:51.977970
57079,3,"This PR was approved by one reviewer, and the inline comments were addressed, leading to a clean final diff with thorough tests.",4,no explanation provided,deepseek/deepseek-v4-flash:free,2026-05-15T03:40:54.999525
57077,3,parse_error,3,parse_error,deepseek/deepseek-v4-flash:free,2026-05-15T03:40:57.657185
57076,4,"The PR touches architecture (consolidation of tool definitions across 75 files, renames 98 tools, standardizes naming conventions across the whole product category, updates generated code and documentation), which is an architectural refactoring, not a simple feature change.",4,"The PR is cleanly approved, tests pass, deployments succeed, only minor remaining issues flagged by a bot, not human, on stale docs, not functional code — the human reviewer ('@andrewm4894') approved.",deepseek/deepseek-v4-flash:free,2026-05-15T03:41:00.984950
57075,4,This is a multi-file architectural change that modifies the Tailwind build pipeline to integrate Tailwind inside Vite's own pipeline via a custom resolveId hook and type shim.,3,"The PR has a thorough description and passes static checks, but is agent-authored with missing end-to-end testing and unresolved comments about plugins running unconditionally and version mismatch.",deepseek/deepseek-v4-flash:free,2026-05-15T03:41:40.137686
57072,4,"Architectural refactor spanning 115 files with deep restructuring of pipeline internals, module layout, and test coverage.",4,no explanation provided,deepseek/deepseek-v4-flash:free,2026-05-15T03:41:45.031475
57068,3,"Multi-file feature with backend and frontend changes, but no architectural changes.",3,"Multiple revisions from automated reviewers, but the PR description shows the author addressed the concerns.",deepseek/deepseek-v4-flash:free,2026-05-15T03:41:48.592814
57067,3,parse_error,3,parse_error,deepseek/deepseek-v4-flash:free,2026-05-15T03:41:52.669843
57073,3,parse_error,3,parse_error,deepseek/deepseek-v4-flash:free,2026-05-15T03:42:05.253003
57065,3,"The regenerated JSON requires cross-source synchronization, indicating moderate complexity.",4,A greptile review identified a missing connectivity that was later fixed.,deepseek/deepseek-v4-flash:free,2026-05-15T03:42:29.504471
57059,2,"Trivial, single-file change that adds a SQL query and log line.",4,"Clean, straightforward PR with two approvals, no rework, and a clear purpose.",deepseek/deepseek-v4-flash:free,2026-05-15T03:42:37.560161
57058,3,parse_error,3,parse_error,deepseek/deepseek-v4-flash:free,2026-05-15T03:42:47.323204
57064,3,parse_error,3,parse_error,deepseek/deepseek-v4-flash:free,2026-05-15T03:42:55.683447
57055,3,"The change involves three files, including a migration with concurrent index creation, updating the model's Meta class, and a migration risk analysis, making it a multi-file feature.",4,"The PR is well-described with a clear problem, testing steps, and migration safety, and has received human approvals despite the bot gate for migrations.",deepseek/deepseek-v4-flash:free,2026-05-15T03:43:00.401130
57057,4,"Clean design with clear changes, approved by reviewers, but missing test coverage for the quick-filter nesting path.",4,no explanation provided,deepseek/deepseek-v4-flash:free,2026-05-15T03:43:01.345200
57053,2,Single-file change adding a Tailwind utility class to a component.,5,"Straforward styling change with one file, approved first-pass, no rework, size unchanged, deployed successfully.",deepseek/deepseek-v4-flash:free,2026-05-15T03:43:06.628166
57049,5,"Multi-file rewrite that re-architectured the cache layer to carry etags in the same MGET call, changed the return triple of batch_get_from_cache across every hypercache caller, and introduced a new verifier branch, all while reasoning through cross-language coupling and preventing an N+1 regression.",5,"Clean first-pass changes with comprehensive tests locking the etag round-trip, the no-N+1 invariant, and the priority ordering of the verifier branch, plus the reviewer accepted the early short-circu and agreed to deploy.",deepseek/deepseek-v4-flash:free,2026-05-15T03:43:10.421962
57052,4,multi-file feature with architectural shift from custom TS to django/drf backed endpoints,4,clean with accepted review that had one suggestion remaining to be fixed or with responses accepted,deepseek/deepseek-v4-flash:free,2026-05-15T03:43:53.771822
57047,3,parse_error,3,parse_error,deepseek/deepseek-v4-flash:free,2026-05-15T03:43:57.151890
57048,2,Single-file fix addressing a specific bug.,4,Approved with nits; inline comment addressed; code change is clean and clearly fixes the bug.,deepseek/deepseek-v4-flash:free,2026-05-15T03:44:02.733625
57040,3,This is a multi-file backend change that modifies the GitHub integration linking flow logic and adds new tests.,4,"The PR was approved, deployed successfully, and comments were addressed, but not first-pass perfect.",deepseek/deepseek-v4-flash:free,2026-05-15T03:44:07.444739
57044,2,Single file change (bot analytics logic) grouping three events into one series.,5,"First-pass perfect: approved, deployed, clear description, on owning team.",deepseek/deepseek-v4-flash:free,2026-05-15T03:44:09.592302
57037,3,parse_error,3,parse_error,deepseek/deepseek-v4-flash:free,2026-05-15T03:44:19.260522
57038,3,"The PR is clean and has an approval, but the detailed reviews point to concrete issues (dead code, read replica routing, test patch fragility, potential race condition) that need fixes, so it is not first-pass perfect.",3,no explanation provided,deepseek/deepseek-v4-flash:free,2026-05-15T03:44:19.544214
57035,4,"Design if @nickbest-ph approved, but bot found 3 attention points (panic, atomicity, tombstone), quality = 4 clean",3,no explanation provided,deepseek/deepseek-v4-flash:free,2026-05-15T03:44:25.228091
57029,4,Multi-file feature with new endpoints and architectural changes.,4,"Solid tests and approved, but needed 2-3 revisions.",deepseek/deepseek-v4-flash:free,2026-05-15T03:45:13.984191
57034,3,parse_error,3,parse_error,deepseek/deepseek-v4-flash:free,2026-05-15T03:45:14.106599
57023,3,"Multi-file refactor (connection ownership, exception handling, retry decorator), but no major new feature.",4,"Clean with some revisions (DROP TABLE, retry, etc.), promptly fixed; deployment succeeded.",deepseek/deepseek-v4-flash:free,2026-05-15T03:45:21.165064
57022,1,Clean but had one inline comment suggesting a prop removal.,4,no explanation provided,deepseek/deepseek-v4-flash:free,2026-05-15T03:45:34.453145
57010,3,parse_error,3,parse_error,deepseek/deepseek-v4-flash:free,2026-05-15T03:45:38.352158
57009,3,3: multi-file feature - 2 files changed including story file and snapshot hash updates,4,"4: clean - one minor type fix addressed promptly, approved and deployed",deepseek/deepseek-v4-flash:free,2026-05-15T03:45:38.624133
57006,5,no explanation provided,3,"The PR is a multi-file architectural refactor with a honest confession that it didn't fix the original 504, quality is decent but has unresolved review comments.",deepseek/deepseek-v4-flash:free,2026-05-15T03:45:51.735065
57007,4,The time spent evaluating quality suggests it required revisions but was generally clean.,4,no explanation provided,deepseek/deepseek-v4-flash:free,2026-05-15T03:45:55.551630
57005,1,"A one-file addition/remove chore update for survey SDK requirements, trivial fix.",4,First-pass clean fix with approval and no revisions reported.,deepseek/deepseek-v4-flash:free,2026-05-15T03:45:56.671216
57004,3,parse_error,3,parse_error,deepseek/deepseek-v4-flash:free,2026-05-15T03:45:59.638397
57003,3,"A clear, approved change with only minor inline suggestions",4,no explanation provided,deepseek/deepseek-v4-flash:free,2026-05-15T03:46:08.910725
57001,3,parse_error,3,parse_error,deepseek/deepseek-v4-flash:free,2026-05-15T03:46:25.453184
56999,2,2,3,3,deepseek/deepseek-v4-flash:free,2026-05-15T03:46:30.002900
56998,2,This is a single fix to a helper function that resolves a payload mis-association for numeric string variant keys.,4,"The PR is clean, well described, tested (84 automated tests plus manual), and approved, despite a minor test structure suggestion.",deepseek/deepseek-v4-flash:free,2026-05-15T03:46:36.293962
56996,2,The PR is a single fix removing a GitHub-only filter to allow all integrations for API-key/OAuth callers,4,"The PR has a thorough description, audited integrations manually, and received reviews with some rework but ultimately got approvals",deepseek/deepseek-v4-flash:free,2026-05-15T03:46:48.229607
56994,3,parse_error,3,parse_error,deepseek/deepseek-v4-flash:free,2026-05-15T03:46:55.450750
57000,3,"Clean fix with thorough testing and improvements per reviewer feedback, but not first-pass.",4,no explanation provided,deepseek/deepseek-v4-flash:free,2026-05-15T03:47:04.227784
56992,3,Multi-file change affecting CI workflow logic and test timings data,4,"First-pass clean, approved with no iterative rework cycles",deepseek/deepseek-v4-flash:free,2026-05-15T03:47:17.302718
56991,3,One revision. misplacement caught during review; the author responded with follow up. Not perfect first-pass.,3,no explanation provided,deepseek/deepseek-v4-flash:free,2026-05-15T03:47:25.368271
56993,4,"Quality of the change is good: it's clean, two approved reviews, deployed to all environments, no reverted, no rework.",3,no explanation provided,deepseek/deepseek-v4-flash:free,2026-05-15T03:47:47.896007
56989,2,"This is a single-focus, multi-shell config fix, requiring consistent repetition across four shell profiles.",5,"The PR was approved by reviewers, passed agent testing, and the root-cause isolation solution is clean.",deepseek/deepseek-v4-flash:free,2026-05-15T03:47:55.981811
56990,3,"Multi-file feature (8 files, 470 additions) requiring understanding of MCP tool generation and survey API schema, but no backend changes.",3,Decent but needs human review (bot comment) despite agent-authored with reasonable automated tests.,deepseek/deepseek-v4-flash:free,2026-05-15T03:47:57.552748
56988,3,parse_error,3,parse_error,deepseek/deepseek-v4-flash:free,2026-05-15T03:48:05.842788
56988,4,"PR touches 41 files across Django model/migration, NodeJS ingestion pipeline, frontend scenes, API, and tests, representing a multi-layer feature addition.",4,"PR was approved by a senior engineer and includes a detailed performance analysis and automated tests, but inline review comments point to non-deterministic sampling and version field issues.",deepseek/deepseek-v4-flash:free,2026-05-15T03:48:16.706097
56986,3,"The complexity is moderate because it adds a new enum value, updates the frontend logic to handle DWH entities, and modifies the schema, but is explicitly a first step with feature flag gating.",3,The quality is average because it is approved but has code review comments referencing edge-case bugs that could cause later problems.,deepseek/deepseek-v4-flash:free,2026-05-15T03:48:20.767468
56982,4,"This PR adds test infrastructure changes across 5 files, including annotations support, plumbing of inSharedMode, and tooltip lifecycle enhancements, requiring coordination between multiple files.",4,"The PR was reviewed, comments were addressed, and it was approved, indicating clean implementation.",deepseek/deepseek-v4-flash:free,2026-05-15T03:48:29.012096
56981,3,Multi-file test-only feature with multiple fixtures and 11 new tests.,4,"Minimal iterations, addressed feedback, and tests run green.",deepseek/deepseek-v4-flash:free,2026-05-15T03:49:19.342406
56979,3,2-3 revisions,3,This PR is of good quality but still has 2 revisions needed.,deepseek/deepseek-v4-flash:free,2026-05-15T03:50:18.118046
56978,4,"4 because the PR is architectural – it removes a dedicated route and consolidates two diverging views into a single filter-based list view, which is a meaningful behavioral change in navigation and state management across 11 files.",4,no explanation provided,deepseek/deepseek-v4-flash:free,2026-05-15T03:50:24.523341
56977,3,parse_error,3,parse_error,deepseek/deepseek-v4-flash:free,2026-05-15T03:50:28.377511
56975,2,"Multiple reviews approved, deployment succeeded, no revert or rework cycles.",4,no explanation provided,deepseek/deepseek-v4-flash:free,2026-05-15T03:51:35.128438
56972,4,"The PR received a human approval, passed CI, and has only a small behavioral delta and minor issues flagged by bots.",4,no explanation provided,deepseek/deepseek-v4-flash:free,2026-05-15T03:51:40.018754
56970,3,"Int precision issue caught in review, needs rework, not first-pass perfect.",3,no explanation provided,deepseek/deepseek-v4-flash:free,2026-05-15T03:51:43.196036
56969,3,"Approved with minor issues (size gate denial and hover story comment), but overall clean and thoughtful work.",3,no explanation provided,deepseek/deepseek-v4-flash:free,2026-05-15T03:52:25.725822
56967,2,The change is a trivial single-file logic fix.,5,The change was approved directly without rework cycles.,deepseek/deepseek-v4-flash:free,2026-05-15T03:53:25.043289
56968,3,"The PR modifies multiple files across both backend and frontend, introduces new tracking fields, and requires a brief coordination across teams.",3,no explanation provided,deepseek/deepseek-v4-flash:free,2026-05-15T03:53:31.290537
56965,2,"Single-file CI fix, not multi-file or architectural.",4,Clean with detailed problem investigation and direct fix.,deepseek/deepseek-v4-flash:free,2026-05-15T03:53:34.530872
56964,5,no explanation provided,5,no explanation provided,deepseek/deepseek-v4-flash:free,2026-05-15T03:53:37.964454
56962,3,parse_error,3,parse_error,deepseek/deepseek-v4-flash:free,2026-05-15T03:53:42.930216
56960,4,"The PR involves architectural decisions about Temporal workflow lifecycle, SSE cancellation, and client-side state management.",3,"The PR had multiple revisions with inline comments catching bugs, but fixes were applied and it was approved.",deepseek/deepseek-v4-flash:free,2026-05-15T03:54:23.154720
56963,4,"This is a multi-file feature involving back-end (new endpoint, logic) and front-end (new scene, routing, components).",3,"The PR encountered 2-3 review cycles, with automated reviews pointing out bugs (truncation totals, UUID parsing, duplicate runs).",deepseek/deepseek-v4-flash:free,2026-05-15T03:55:07.315397
56958,2,"Adding data-attr attributes to button components is a single fix, multi-file trivial.",4,The PR was approved after a single review with no revisions.,deepseek/deepseek-v4-flash:free,2026-05-15T03:55:15.039920
56959,4,"Architectural change involving new endpoint, OpenAPI spec registration, correlated subqueries, and serializer adjustments across 9 files.",3,"Approved but had two quality issues from reviews (P1 fragile logic, P2 duplicate subqueries) requiring revision.",deepseek/deepseek-v4-flash:free,2026-05-15T03:55:18.083692
56953,3,no explanation provided,4,no explanation provided,deepseek/deepseek-v4-flash:free,2026-05-15T03:55:32.467754
56951,3,Self-contained multi-file fix involving four files.,4,"Clean, tested, with a minor bot comment.",deepseek/deepseek-v4-flash:free,2026-05-15T03:56:02.071909
56950,3,parse_error,3,parse_error,deepseek/deepseek-v4-flash:free,2026-05-15T03:56:17.581738
56957,3,parse_error,3,parse_error,deepseek/deepseek-v4-flash:free,2026-05-15T03:56:31.381217
56949,3,Multi-file fix with architectural change (moving typed error emission to construction) but not a major new feature.,3,Passed review but has a significant bug (double-count metric) caught in review that needed fixing.,deepseek/deepseek-v4-flash:free,2026-05-15T03:57:16.650111
56948,3,"The PR was approved without revisions, with tests passing, but has a minor inline comment about missing parametrized tests.",4,no explanation provided,deepseek/deepseek-v4-flash:free,2026-05-15T03:57:20.823976
56946,2,A single one-line change in one file fixing the flag name.,5,"PR had one human approval, no rework cycles, and clean deployment.",deepseek/deepseek-v4-flash:free,2026-05-15T03:58:19.120311
56947,3,This PR is multi-file (5) and architectural-level fix for annotations and tooltip issues in dashboards.,3,"PR approved, greptile suggestions adopted, but lacks manual and automated testing; not first-pass perfect.",deepseek/deepseek-v4-flash:free,2026-05-15T03:58:23.386850
56945,3,4,4,clean with some revisions,deepseek/deepseek-v4-flash:free,2026-05-15T03:58:38.568316
56943,3,"Multi-file feature spanning backend and frontend logic, a new internal task toggle, and updated tests.",4,"Clean PR that passed reviews and has helpful bot comments, though it raised possible backward-incompatible API change.",deepseek/deepseek-v4-flash:free,2026-05-15T03:58:43.531904
56942,1,"The change was reviewed and deployed without rework, but had minor concern.",4,no explanation provided,deepseek/deepseek-v4-flash:free,2026-05-15T03:58:48.275820
56944,3,"This PR modifies logic, SQL queries, and multiple files to fix a DB connection bug.",4,"The PR is approved, deployed, and only the bot raised a minor future potential issue.",deepseek/deepseek-v4-flash:free,2026-05-15T03:59:09.546803
56939,4,"The change spans three files and moves a rendering layer from DOM to canvas, which is an architectural shift.",5,"The change was approved on first pass, and there was no manual testing, but it makes sense.",deepseek/deepseek-v4-flash:free,2026-05-15T03:59:14.907883
56941,3,"Pull request quality is good, clean, first-pass perfect.",4,no explanation provided,deepseek/deepseek-v4-flash:free,2026-05-15T03:59:33.484075
56937,2,PR is a trivial single-line change in one file.,4,"Clean PR with one line change, a valid pragmatic fix; minor debate over pagination a future improvement, not blocking.",deepseek/deepseek-v4-flash:free,2026-05-15T03:59:53.350429
56938,3,parse_error,3,parse_error,deepseek/deepseek-v4-flash:free,2026-05-15T04:00:05.799941
56936,3,"This is a multi-file feature with frontend changes across 4 files, implementing a new UI behavior for discounted addons.",4,no explanation provided,deepseek/deepseek-v4-flash:free,2026-05-15T04:00:33.751317
56934,4,"This change spans only 1 file with 2 additions and 5 removings, but the logic is straightforward—hide the summary button while loading and simplify button behavior.",3,no explanation provided,deepseek/deepseek-v4-flash:free,2026-05-15T04:00:39.023185
56933,1,Needed but not first-pass perfect (Greptile noted stale 'both tunnels' wording).,3,no explanation provided,deepseek/deepseek-v4-flash:free,2026-05-15T04:00:44.967784
56935,4,"Multi-file feature with backend changes, new source configs, 10 partitioned tables, webhook auto-setup with pending inputs, and frontend plumbing",4,"Clean code with automated tests, validated API endpoints, human approval, minor CI feedback addressed",deepseek/deepseek-v4-flash:free,2026-05-15T04:01:13.920886
56932,3,parse_error,3,parse_error,deepseek/deepseek-v4-flash:free,2026-05-15T04:01:42.227578
56931,3,parse_error,3,parse_error,deepseek/deepseek-v4-flash:free,2026-05-15T04:01:51.938932
56927,2,"The PR addresses a single bug with a small, focused multi-file fix.",4,The PR was approved without rework on its first pass.,deepseek/deepseek-v4-flash:free,2026-05-15T04:02:07.480661
56929,3,parse_error,3,parse_error,deepseek/deepseek-v4-flash:free,2026-05-15T04:02:12.127808
56924,4,"Change of 216 lines, 6 files, significant refactor/architectural change adding a traces producer with config extraction and new env vars.",3,"Human-reviewed approved, but robot review flagged functional bugs (liveness expiry, double flush) that remain unresolved.",deepseek/deepseek-v4-flash:free,2026-05-15T04:02:16.364794
56921,3,"The implementation is clean and approved, with a central change that is well-considered and has trade-offs acceptable, but two P2 issues (unbounded Temporal scan and double DB query) are noted.",4,no explanation provided,deepseek/deepseek-v4-flash:free,2026-05-15T04:02:32.031422
56920,4,"4 because the PR architects a workflow split, state.yaml read, and failure notification — not a single-file fix.",3,3 because the PR had multiple review cycles and bot suggestions before approval.,deepseek/deepseek-v4-flash:free,2026-05-15T04:03:06.703716
56926,3,parse_error,3,parse_error,deepseek/deepseek-v4-flash:free,2026-05-15T04:03:11.532679
56919,3,parse_error,3,parse_error,deepseek/deepseek-v4-flash:free,2026-05-15T04:03:36.516524
56917,2,The PR is a single-file fix to a UI component (LemonBanner and empty-state copy) with 29 added lines.,4,"The PR was clean: a reviewer flagged a redundant prop on the first pass, and the author accepted and addressed it immediately, resulting in the 1 revision shown.",deepseek/deepseek-v4-flash:free,2026-05-15T04:03:40.514692
56915,2,single_file_edit_with_one_functional_change_and_a_dependency_on_internal_semantics,4,clean_intro_with_good_rationale_and_follow_up_commits_integrated,deepseek/deepseek-v4-flash:free,2026-05-15T04:03:45.993675
56918,2,30 changes across 2 files.,4,"PR largely clean, minimal rework (0), fairly thorough, no rework cycles.",deepseek/deepseek-v4-flash:free,2026-05-15T04:04:10.319145
56912,4,"The PR implements a new Dagster pipeline for person deletion, spanning 8 files and 652 changed lines, including a new dataclass, ops, migrations, and integration with existing bulk-de deletion code.",3,"The PR was approved by one reviewer and has a P1 bug pointed out by another reviewer, suggesting the testing is partial and the description does not fully address the bug—migration analysis flagged risk.",deepseek/deepseek-v4-flash:free,2026-05-15T04:04:31.562905
56914,2,Single fix that deletes passkeys for unverified SSO users,4,no explanation provided,deepseek/deepseek-v4-flash:free,2026-05-15T04:04:44.893223
56911,3,no explanation provided,4,no explanation provided,deepseek/deepseek-v4-flash:free,2026-05-15T04:04:48.047340
56906,3,no explanation provided,4,no explanation provided,deepseek/deepseek-v4-flash:free,2026-05-15T04:04:58.300716
56902,3,Multi-file feature adding failure attribution metrics across 10 files.,2,Two critical bugs identified by AI review on retryable failure handling and metric suppression.,deepseek/deepseek-v4-flash:free,2026-05-15T04:05:05.367156
56895,3,Multi-file feature adjusting Kafka topic routing configurations.,3,Code lacks test description and snapshots updated after deployment.,deepseek/deepseek-v4-flash:free,2026-05-15T04:05:09.497255
56894,3,Quality score,4,Automated reviews catch minor issues but no major rework cycles,deepseek/deepseek-v4-flash:free,2026-05-15T04:05:23.589272
56893,3,"The PR modifies two core files to fix a call-stack overflow and a subtle domain bug, but is a focused single-purpose fix.",4,"The PR was approved cleanly with no rework, and the deliberate behavioral fix is documented.",deepseek/deepseek-v4-flash:free,2026-05-15T04:05:29.525119
56892,3,"The PR is straightforward but has a minor oversight about the stale query_type label, requiring at least one revision.",3,no explanation provided,deepseek/deepseek-v4-flash:free,2026-05-15T04:05:46.827117
56891,3,parse_error,3,parse_error,deepseek/deepseek-v4-flash:free,2026-05-15T04:06:05.448740
56897,4,"Delivers an architectural change across 10 files to implement checkpoint-based cloud run resumption, with env var gating and chain-walking logic.",3,"Received several reviewer comments indicating rework cycles on type consistency, N+1 concerns, and UUID validation, indicating quality as 3.",deepseek/deepseek-v4-flash:free,2026-05-15T04:06:13.602629
56889,2,Single bug fix with minimal diff across two files.,4,"Clean code with regression tests and approved review, no rework cycles.",deepseek/deepseek-v4-flash:free,2026-05-15T04:06:30.120441
56884,3,Clean fix with root-cause analysis; gets approved but has rework implied by reviewer.,4,no explanation provided,deepseek/deepseek-v4-flash:free,2026-05-15T04:06:56.044039
56886,3,parse_error,3,parse_error,deepseek/deepseek-v4-flash:free,2026-05-15T04:07:15.845345
56883,3,"The PR is a multi-file feature (2 files, +298/-21) with a logical pattern and moderate complexity.",4,"The PR had 2 iterative revisions after inline review feedback; not first-pass perfect, but resolution was clean.",deepseek/deepseek-v4-flash:free,2026-05-15T04:07:26.307455
56881,4,4 (architectural),2,"2 (rewith noted issues, rework cycles, bot comments)",deepseek/deepseek-v4-flash:free,2026-05-15T04:07:39.505825
56877,4,Implementation involved significant architectural changes,3,Multiple review cycles with fixes,deepseek/deepseek-v4-flash:free,2026-05-15T04:08:03.062583
56878,5,Architectural change impacting billing pipeline.,3,Multiple review cycles with rework.,deepseek/deepseek-v4-flash:free,2026-05-15T04:08:52.964794
56872,2,"The change is a clean, single-file revert of a try/except block.",4,"The PR has clear justification, testing via ast parse and ruff, and is a clean revert. However, there were some concerns about unrelated snapshot changes in an older commit, and multiple bot comments detected visual changes and query snapshot updates. Reverted: False.",deepseek/deepseek-v4-flash:free,2026-05-15T04:09:16.441832
56875,3,parse_error,3,parse_error,deepseek/deepseek-v4-flash:free,2026-05-15T04:09:23.437550
56871,3,parse_error,3,parse_error,deepseek/deepseek-v4-flash:free,2026-05-15T04:09:28.936245
56868,3,"The new scene plus backend bits are medium diff, moderate multi-file feature modifications.",3,"P1/P2 issues from reviews triggered rework cycles, critical limit bug.",deepseek/deepseek-v4-flash:free,2026-05-15T04:09:58.770945
56867,3,3,3,3,deepseek/deepseek-v4-flash:free,2026-05-15T04:10:25.670540
56869,3,"The PR is clean and not reverted, but it had some discussion and inline comments leading to iterations (not first-pass perfect).",4,no explanation provided,deepseek/deepseek-v4-flash:free,2026-05-15T04:10:28.064987
56865,4,"The PR involves architectural refactor (hoisting shared params into components.parameters with $ref) and updates to filtering/dererefing tooling across 8 files, not a trivial single-file fix.",5,"The PR was approved, deployed, and has clean code with tests and metrics — it's first-pass perfect.",deepseek/deepseek-v4-flash:free,2026-05-15T04:10:35.299378
56863,4,Multi-file architectural fix addressing a regression bug class with runtime seeding logic.,4,"Root cause analysis, manual verification, automated tests, accepted review with few minor comments.",deepseek/deepseek-v4-flash:free,2026-05-15T04:10:35.643908
56860,3,parse_error,3,parse_error,deepseek/deepseek-v4-flash:free,2026-05-15T04:10:52.496868
56859,4,"The PR received multiple bot reviews highlighting issues and many discussion entries but was approved, indicating 2-3 revisions.",3,no explanation provided,deepseek/deepseek-v4-flash:free,2026-05-15T04:11:38.908502
56849,4,"This PR had some revisions based on review feedback regarding test parameterisation and code duplication, but is still generally good.",3,no explanation provided,deepseek/deepseek-v4-flash:free,2026-05-15T04:11:50.910278
56846,4,The PR introduces a new city breakdown feature to the live dashboard across 7 files.,3,The PR is approved but has unresolved bot comment about hardcoded SQL separator.,deepseek/deepseek-v4-flash:free,2026-05-15T04:11:55.212438
56850,3,parse_error,3,parse_error,deepseek/deepseek-v4-flash:free,2026-05-15T04:12:03.293408
56845,2,"The change is a simple, single-file modification that adds a CopyToClipboardInline component with event propagation prevention.",5,"The PR is a clean, small improvement that was approved, deployed successfully, and involves no additional revisions or work cycles.",deepseek/deepseek-v4-flash:free,2026-05-15T04:12:28.643045
56843,3,"Single-file change addressing a bug, with a small behavioral change and two tracking booleans.",4,"Approved without revisions, with clear analysis, tested flag transitions, and structured error logging.",deepseek/deepseek-v4-flash:free,2026-05-15T04:12:36.800685
56836,5,1,3,"The PR is a simple fix, but the agent is the sole contributor and he approved it, but a review flagged a performance issue.",deepseek/deepseek-v4-flash:free,2026-05-15T04:12:59.368126
56835,3,parse_error,3,parse_error,deepseek/deepseek-v4-flash:free,2026-05-15T04:13:06.391387
56844,4,Architectural change to routing data pipeline through a new wire protocol,4,Clean code with test pass but with integration unknowns and inline review notes,deepseek/deepseek-v4-flash:free,2026-05-15T04:13:33.251612
56832,2,no explanation provided,4,no explanation provided,deepseek/deepseek-v4-flash:free,2026-05-15T04:13:36.529437
56833,5,no explanation provided,4,no explanation provided,deepseek/deepseek-v4-flash:free,2026-05-15T04:13:45.192021
56830,4,"The PR is a significant multi-file feature spanning backend API, frontend UI, and translation service integration.",3,"Automated reviews identified a few issues (parameter shadowing, DEBUG missing in tests) and the author needed some rework cycles before deployment.",deepseek/deepseek-v4-flash:free,2026-05-15T04:13:54.398025
56829,3,Multi-file documentation updates with 104 added lines across 3 files; the PR touches several skill files and refactor MCP agent guidance.,4,"Clean PR with one review comment that the author promptly fixed, deployed to all environments; not first-pass perfect but clean.",deepseek/deepseek-v4-flash:free,2026-05-15T04:14:03.788084
56831,3,no explanation provided,3,no explanation provided,deepseek/deepseek-v4-flash:free,2026-05-15T04:14:08.335216
56826,5,2000,5,1000,deepseek/deepseek-v4-flash:free,2026-05-15T04:14:12.026968
56827,2,"The change is a straightforward fix to tag queries that were failing, touching test files and a utility function.",4,"The PR has been approved by two reviewers, includes updated unit tests, has no revert, and deploys successfully across all environments with zero size impact on total bundle.",deepseek/deepseek-v4-flash:free,2026-05-15T04:14:12.995697
56822,2,"Single-file, frontend-only copy+UX cleanup with a minor conditional logic change.",4,"Clean PR with one approved review; a pre-merge inline comment flagged a conditional wording issue, but the PR is not reverted and the reviewer approved.",deepseek/deepseek-v4-flash:free,2026-05-15T04:14:20.484735
56821,2,"One-pass clean with detailed problem analysis, data-backed verification, and automated actor-approval.",4,no explanation provided,deepseek/deepseek-v4-flash:free,2026-05-15T04:14:21.234648
56820,3,Multi-file documentation update requiring clarity across two files.,4,"Clean change with one comment addressed, requiring human review sign-off.",deepseek/deepseek-v4-flash:free,2026-05-15T04:14:25.616251
56816,1,"The PR is a straightforward deletion of deprecated shims across 7 files, with no new code added.",4,"The PR was approved, deployed to development and production without issues, and tested by grep, tests, and local runs, but not explicitly says that this was the first revision.",deepseek/deepseek-v4-flash:free,2026-05-15T04:14:37.798274
56817,2,Revered,4,First-pass perfect,deepseek/deepseek-v4-flash:free,2026-05-15T04:15:00.169651
56814,4,"Changes involve multiple files, new admin views, workflow integration, and discussions on architectural issues.",3,"Code was reviewed with many comments and improvements, but it went through several revisions and was deployed.",deepseek/deepseek-v4-flash:free,2026-05-15T04:15:07.399445
56813,4,"This is an architectural change that modifies the read path for partitioned Postgres sources, requiring thoughtful design with multiple files.",2,"The PR has several code issues identified by reviews (fragile SQL construction, docstring contradiction, redundant condition) and the PR was reverted, indicating quality issues.",deepseek/deepseek-v4-flash:free,2026-05-15T04:15:41.182436
56811,2,"The PR is a single-file, two-line additive security fix adding explicit scopes, not a multi-file feature.",5,"The PR was approved with no rework cycles and is a clean, first-pass perfect improvement.",deepseek/deepseek-v4-flash:free,2026-05-15T04:15:48.483851
56815,3,parse_error,3,parse_error,deepseek/deepseek-v4-flash:free,2026-05-15T04:16:02.293246
56807,4,"The code is clean, well-tested, and the reviews caught a guard inconsistency which was fixed. It is not reverted nor needing heavy rework.",4,no explanation provided,deepseek/deepseek-v4-flash:free,2026-05-15T04:16:16.772460
56806,3,parse_error,3,parse_error,deepseek/deepseek-v4-flash:free,2026-05-15T04:16:22.660994
56809,5,"Rat, 5 for literature work, 4 for continued. Walt doesn't watch, but I may continue after a while.",3,"Rat, 3 for seeing, 5 for continued. But for Walt leads its Aladdin but Oedipus. Tokens for 10th6MarkJ or 3. After Tolson no vote. So Rath returns to 2 and 4.",deepseek/deepseek-v4-flash:free,2026-05-15T04:16:50.452813
56805,3,parse_error,3,parse_error,deepseek/deepseek-v4-flash:free,2026-05-15T04:17:17.311831
56803,1,trivial config changes to three files adding an env var at auto-invocation sites,5,"first-pass perfect, agent-authored, diagnosed, verified, approved, no revisions; deployed to all envs",deepseek/deepseek-v4-flash:free,2026-05-15T04:17:41.332559
56802,3,"multiple files and config changes but leveraging existing lifecycle rather than new architecture, so multi-file feature",3,"some inline issues remain and require further discussion, but overall deployable and approved",deepseek/deepseek-v4-flash:free,2026-05-15T04:17:43.251182
56801,4,Multi-file feature with architectural changes across frontend parsers and backend configs.,3,"Identified bugs in Snowflake auth path and type issues require revisions, though PR is well-structured.",deepseek/deepseek-v4-flash:free,2026-05-15T04:18:16.001811
56798,4,"Architectural change splitting a canvas rendering into two layers, requiring changes across six files and introducing a new internal API.",4,"Clean implementation with comprehensive benchmarks, all tests passing, and no rework cycles beyond the initial agent-authored version; minor internal API change is safe and contained.",deepseek/deepseek-v4-flash:free,2026-05-15T04:18:40.657712
56797,1,no explanation provided,1,No actionable suggestions: the review simply states 'good work' and mentions 'a few comments for a clearer UX and more idiomatic code' without specific code-level feedback.,deepseek/deepseek-v4-flash:free,2026-05-15T04:19:05.028857
56796,3,parse_error,3,parse_error,deepseek/deepseek-v4-flash:free,2026-05-15T04:19:14.339838
56795,3,"Multi-file feature that introduces error classes, helper functions, and new tests, but no architectural change.",4,"Approved by a reviewer with tests passing, but inline comments may need revisions.",deepseek/deepseek-v4-flash:free,2026-05-15T04:19:21.806120
56800,3,parse_error,3,parse_error,deepseek/deepseek-v4-flash:free,2026-05-15T04:19:22.547246
56793,3,parse_error,3,parse_error,deepseek/deepseek-v4-flash:free,2026-05-15T04:20:20.659054
56794,2,30,5,no explanation provided,deepseek/deepseek-v4-flash:free,2026-05-15T04:20:21.168747
56789,2,"Single, additive change across 3 files with no logic or architectural impact.",5,"First-pass perfect; well-described, approved, and successfully deployed.",deepseek/deepseek-v4-flash:free,2026-05-15T04:20:34.355889
56790,3,"4, because the PR is approved and deployed despite one test improvement suggestion.",4,no explanation provided,deepseek/deepseek-v4-flash:free,2026-05-15T04:20:51.836617
56785,3,"The revert of a refactor spanning 5 files, with 112 additions and 303 deletions.",2,The PR reintroduces a SynchronousOnlyOperation bug and silently drops ids when both inputs are provided.,deepseek/deepseek-v4-flash:free,2026-05-15T04:20:52.212996
56777,3,parse_error,3,parse_error,deepseek/deepseek-v4-flash:free,2026-05-15T04:20:59.415562
56783,2,"30 seconds later, I need to think, but the overall picture is visible.",3,"Approved by dmarticus without rework cycles, but lacks automated test coverage.",deepseek/deepseek-v4-flash:free,2026-05-15T04:21:07.386571
56774,4,no explanation provided,5,no explanation provided,deepseek/deepseek-v4-flash:free,2026-05-15T04:21:12.064351
56776,4,"This is a multi-file architectural feature introducing a new batch export destination, a new model, migration, and Temporal S3 workflow integration.",3,"Multiple reviewers commented, and automated analysis flagged bugs (P0, P1) which the author acknowledged, but the PR was ultimately approved.",deepseek/deepseek-v4-flash:free,2026-05-15T04:21:28.153075
56772,3,Multi-file feature extending an existing auto-disable pattern to additional Slack error codes.,4,"Clean extension of existing pattern with tests and thorough description, though review comments suggest minor improvements.",deepseek/deepseek-v4-flash:free,2026-05-15T04:21:34.603053
56767,3,"Clean change with one human approval, a bot comment suggesting missing test, but no rework cycles and linting passed.",4,no explanation provided,deepseek/deepseek-v4-flash:free,2026-05-15T04:21:35.164765
56763,4,"This is an architectural migration involving many files, multiple patterns, and a table cutover.",3,The PR had several review cycles with inline comments and required iterative refinements.,deepseek/deepseek-v4-flash:free,2026-05-15T04:21:45.773617
56762,3,"Two human approvals with only minor bot suggestions, not requiring re-work cycles.",4,no explanation provided,deepseek/deepseek-v4-flash:free,2026-05-15T04:22:03.006532
56759,3,parse_error,3,parse_error,deepseek/deepseek-v4-flash:free,2026-05-15T04:22:58.326258
56755,3,"3 - Multi-file feature: the fix involves three files, adds a HAVING clause to SQL, and includes a regression test, but is a straightforward query-level fix.",4,"4 - Clean: one inline comment raised, one follow-up question raised, both addressed by the reviewer; test snapshot updates and deployment verified; no rework cycles.",deepseek/deepseek-v4-flash:free,2026-05-15T04:23:04.521221
56753,4,"Quality score is 3, many rework cycles but clean after final approval",3,no explanation provided,deepseek/deepseek-v4-flash:free,2026-05-15T04:23:08.470359
56752,1,Trivial single-line config change no multi-file logic or tests.,5,"First-pass perfect: human-approved (Gilbert09), CI deployed successfully, no rework, no revert, and includes thorough reasoning with enum/frontend verification.",deepseek/deepseek-v4-flash:free,2026-05-15T04:23:13.695825
56758,4,"The PR was validated with heap difs, testing, and functional sanity, all bot feedback was addressed before deploying.",4,no explanation provided,deepseek/deepseek-v4-flash:free,2026-05-15T04:23:15.985720
56749,3,parse_error,3,parse_error,deepseek/deepseek-v4-flash:free,2026-05-15T04:23:21.750851
56745,4,no explanation provided,3,no explanation provided,deepseek/deepseek-v4-flash:free,2026-05-15T04:23:23.009742
56744,1,This is a trivial single-line fix removing a duplicate keyword argument.,5,"The PR was reviewed and approved, is clean, correct, and deployed without revisions.",deepseek/deepseek-v4-flash:free,2026-05-15T04:23:28.964740
56740,2,Rootcause fix with regression test,4,Clean root cause fix with regression test,deepseek/deepseek-v4-flash:free,2026-05-15T04:23:33.976437
56743,3,"The fix involves tracking models, a stale-closure fix, and a shared-model guard, but is confined to one file.",4,"The review-inital bugs ( P1&P2) were both fixed in a follow-up; the final code is clean, tested with data.",deepseek/deepseek-v4-flash:free,2026-05-15T04:23:45.246285
56738,3,Multi-file removal (44 files) is non-trivial cleanup.,4,"Clean, approved with no revisions or rework cycles.",deepseek/deepseek-v4-flash:free,2026-05-15T04:23:48.536206
56733,3,"This is a multi-file dependency swap (70 added, 42 removed, 3 files) that updates import paths but does not involve architectural changes.",4,"The PR description is thorough, testing passes, reviewers approve, but the author acknowledges not visually verifying LaTeX rendering and opted for a minimal-scope approach to module resolution that bypasses the public export surface.",deepseek/deepseek-v4-flash:free,2026-05-15T04:24:04.456534
56739,2,"Single fix with three file changes, addressing a race condition.",4,"Clean, approved, no rework cycles, first-pass success.",deepseek/deepseek-v4-flash:free,2026-05-15T04:24:14.445791
56731,3,"Swapping a deprecated package for its successor involves updating import style, API usage, and dependency definitions across 4 files, but the change is straightforward and agent-authored",4,"The PR passed static checks, was approved by a human reviewer, and the author preemptively flagged potential visual differences requiring a spot check",deepseek/deepseek-v4-flash:free,2026-05-15T04:24:37.452865
56730,3,"Multi-file cleanup touching 19 files across frontend, common/stockbook, and nodejs, but the changes are straightforward dep removal and replacement with pre-existing alternatives.",4,"Approved by @webjunkie after QA swarm and automated bot comments, with nit-level concerns only, and validated by multiple type-check/lint passes.",deepseek/deepseek-v4-flash:free,2026-05-15T04:24:41.356274
56729,4,"The PR had several revisions with code quality issues (dead code, redundant checks, and use of Any/getattr) requiring CI-led rework.",3,no explanation provided,deepseek/deepseek-v4-flash:free,2026-05-15T04:24:55.654993
56732,3,The PR is a dependency bump across multiple files with a minor unrelated change snecked in.,3,The PR is clean overall but includes an unrelated MathJax change and a missing trusted build entry.,deepseek/deepseek-v4-flash:free,2026-05-15T04:25:17.781442
56726,4,"Architectural change: refactor with 874 added, 300 removed, 6 files, new module, data models, and tests.",4,"First-pass mostly clean but has minor issues: dead code noted, tests prefer parameterization.",deepseek/deepseek-v4-flash:free,2026-05-15T04:25:50.633339
56725,2,"Single-field addition to Pydantic model, no behavioral changes.",3,"Minimal description, no testing, but code is clean and reviewed.",deepseek/deepseek-v4-flash:free,2026-05-15T04:26:05.126053
56724,3,"Multiple files with backend and frontend changes, but still a focused security fix",3,"Approved and deployed, but one review flagged a self-hosted inconsistency",deepseek/deepseek-v4-flash:free,2026-05-15T04:26:11.007636
56727,4,"Multi-file feature touching both backend and frontend, involving Temporal workflow changes and auto-disable patterns.",4,Clean PR with 2-3 revisions; all critical/high findings addressed by author.,deepseek/deepseek-v4-flash:free,2026-05-15T04:26:13.099348
56721,1,"This is a single-line constant change that reduces the maximum value from 365 to 30, with no logic or API changes.",4,"The PR received approvals from bot reviewers, was deployed to all environments, and existing tests cover the new value with no rework cycles.",deepseek/deepseek-v4-flash:free,2026-05-15T04:26:15.501796
56720,3,The PR spans 11 files adding connectionId across three MCP tools plus schema regeneration—a multi-file feature but not architectural.,3,no explanation provided,deepseek/deepseek-v4-flash:free,2026-05-15T04:26:34.976430
56718,3,Multi-file feature adding a new SQL editor behind a feature flag,4,Approved without revisions but automated comments flagged potential issues,deepseek/deepseek-v4-flash:free,2026-05-15T04:26:54.828056
56714,3,parse_error,3,parse_error,deepseek/deepseek-v4-flash:free,2026-05-15T04:26:58.967695
56716,3,Multi-file functional fix involving architectural changes to scene management and dashboard logic.,4,"Clean, approved fix with thorough description, no rework or reverted PRs.",deepseek/deepseek-v4-flash:free,2026-05-15T04:27:30.499701
56711,3,"PR has automated review comments pointing out a regression (settings panel no longer auto-opens) and a superfluous element, but the human review approved.",3,no explanation provided,deepseek/deepseek-v4-flash:free,2026-05-15T04:27:39.335048
56712,3,parse_error,3,parse_error,deepseek/deepseek-v4-flash:free,2026-05-15T04:28:19.430100
56708,5,This is a major feature—594 added lines across 14 files with a new event-loop yield utility that modifies architecture behavior.,4,Approved with non-flaky test concerns but is well-structured and deployed to prod.,deepseek/deepseek-v4-flash:free,2026-05-15T04:28:23.768519
56709,4,"This is an architectural multi-file feature adding parallel WarpStream Kafka engine tables and materialized views for session replay, requiring careful coordination with existing MSK tables.",3,no explanation provided,deepseek/deepseek-v4-flash:free,2026-05-15T04:28:41.288705
56707,2,Documentation-only update with no code changes,5,"First-pass, approved without revisions: perfectly deployed",deepseek/deepseek-v4-flash:free,2026-05-15T04:28:56.402922
56705,2,"single fix, multi-file feature",4,"clean, first-pass perfect",deepseek/deepseek-v4-flash:free,2026-05-15T04:28:59.604779
56704,3,"The review is clean (approved), with one inline comment (P2) that is minor.",4,no explanation provided,deepseek/deepseek-v4-flash:free,2026-05-15T04:29:07.938229
56703,3,"Multi-file feature introducing a new parallel execution path with dependency analysis, but not architectural overhaul.",4,"Approved by human reviewer, deployed to prod, but has minor issues like unused fields and test gaps flagged by bots.",deepseek/deepseek-v4-flash:free,2026-05-15T04:29:12.961791
56706,4,"Multi-file feature with backend changes across 16 files, including new endpoints, MCP tool recipes, and security fixes.",4,"Clean with one minor documentation fix; security fix applied, tests pass, approved by senior reviewer.",deepseek/deepseek-v4-flash:free,2026-05-15T04:29:14.604107
56702,3,parse_error,3,parse_error,deepseek/deepseek-v4-flash:free,2026-05-15T04:29:20.664048
56701,4,Changed 2 files and 326+ lines for a frontend feature addition with recursive client-side grouping.,4,"Fixed promptly after bot review, no backend/API changes, mostly clean and works as described.",deepseek/deepseek-v4-flash:free,2026-05-15T04:29:25.391576
56700,2,"The change is straightforward, removing a legacy code branch and a constant that is no longer needed.",4,"The PR is simple cleanup, approved, deployed correctly with no rework.",deepseek/deepseek-v4-flash:free,2026-05-15T04:29:28.619201
56697,3,parse_error,3,parse_error,deepseek/deepseek-v4-flash:free,2026-05-15T04:29:43.634312
56699,3,parse_error,3,parse_error,deepseek/deepseek-v4-flash:free,2026-05-15T04:30:34.754820
56687,2,Simple one-line fix addressing a typing requirement after a prior change.,4,"Clean, non-reverted one-file change with immediate deployment success.",deepseek/deepseek-v4-flash:free,2026-05-15T04:30:38.661573
56686,5,The PR is a single mechanical rename across 9 files.,5,The PR is a clean first-pass perfect rename.,deepseek/deepseek-v4-flash:free,2026-05-15T04:30:48.077989
56691,4,"Architectural refactor: 18 files, two services, store classes, producer registry, and env var alignment.",4,"Clean split into 7 commits, build/test-clean, two approvals, deployment plan.",deepseek/deepseek-v4-flash:free,2026-05-15T04:30:52.055632
56685,3,"This is a multi-file feature spanning a new feature flag, a new modal component, type extension, and UI update–several files but no deep architectural change.",4,Approved by a reviewer with minor nits; bot found three issues but code is functionally sound—one revision would be needed.,deepseek/deepseek-v4-flash:free,2026-05-15T04:31:05.571621
56680,2,"The change modifies only two files with a small, focused fix to allow HogQL breakdowns.",4,"The author already parameterized the tests as suggested, so changes look complete and clean.",deepseek/deepseek-v4-flash:free,2026-05-15T04:31:28.872139
56681,4,no explanation provided,3,no explanation provided,deepseek/deepseek-v4-flash:free,2026-05-15T04:31:54.432973
56676,1,"1 (trivial docs): The PR updates documentation only, with one new snippet file and revisions to a single doc, without any code changes or architectural impact.",5,"5 (first-pass perfect): The PR was reviewed and approved on first pass without any revisions or rework cycles, and passed all checks without issues.",deepseek/deepseek-v4-flash:free,2026-05-15T04:32:05.302231
56672,3,parse_error,3,parse_error,deepseek/deepseek-v4-flash:free,2026-05-15T04:32:27.052170
56677,2,"The change removes an unused parameter and uses pytest ids for readability while the PR itself is clean and approved, so quality is high.",4,"The PR is a small, targeted fix with good test coverage and clean, approved code.",deepseek/deepseek-v4-flash:free,2026-05-15T04:32:40.144513
56671,2,The PR fix is trivial: a single line change adding 'EU' to a region list in a Terraform file.,4,"The PR is clean: has clear description, passes CI, is approved with no rework cycles, and is deployed.",deepseek/deepseek-v4-flash:free,2026-05-15T04:32:41.404642
56670,4,"This is a multi-file architectural change involving a new CI script, workflow integration, and domain-specific version specifier logic.",3,The PR went through several review cycles with multiple inline comments and revisions addressing edge cases.,deepseek/deepseek-v4-flash:free,2026-05-15T04:32:46.357546
56666,3,parse_error,3,parse_error,deepseek/deepseek-v4-flash:free,2026-05-15T04:33:02.401079
56665,3,"Multi-file change touching backend serializer, tools.yaml, and multiple generated frontend artifacts across 9 files.",4,"Clean, automated checks passed, one approval, but pre-existing test failures unrelated to change.",deepseek/deepseek-v4-flash:free,2026-05-15T04:33:35.847925
56668,1,This is a trivial single-line change that fixes a bug by filtering directory entries in S3 file listing.,5,"The PR is first-pass perfect with no rework, the fix is correct and straightforward.",deepseek/deepseek-v4-flash:free,2026-05-15T04:33:39.509550
56663,3,Multi-file feature adding a new Kafka engine table/MV for WarpStream,5,"First-pass perfect approved, deployed cleanly",deepseek/deepseek-v4-flash:free,2026-05-15T04:34:07.635978
56661,2,30,4,"The fix is correct, clean, and deployed successfully.",deepseek/deepseek-v4-flash:free,2026-05-15T04:34:27.216905
56660,3,"The PR touches multiple files, adds a new event with dedup, and hooks into existing listeners — moderate feature-level work.",4,"Clean, focused change with thorough description, telemetry-style additive code; only one minor perf comment addressed partially, no reverted commits.",deepseek/deepseek-v4-flash:free,2026-05-15T04:34:32.231738
56662,3,parse_error,3,parse_error,deepseek/deepseek-v4-flash:free,2026-05-15T04:34:34.717492
56656,2,Single-file fix with logic restructuring to preserve original series indices.,5,"Approved without revisions, deployed to all environments with no reverted issues or rework cycles.",deepseek/deepseek-v4-flash:free,2026-05-15T04:34:50.817709
56655,3,2,4,1,deepseek/deepseek-v4-flash:free,2026-05-15T04:34:55.526711
56652,5,"This is a major architectural feature spanning 70 files, introducing a new shared HTTP transport, migrating 22 source files, vendor SDK injection, a Semgrep rule, a management command, and a source inventory — a multi-team, multi-file, multi-layer change.",3,no explanation provided,deepseek/deepseek-v4-flash:free,2026-05-15T04:35:01.971038
56659,3,"One revision cycle, approved by a reviewer, but noted as manual-only testing.",4,no explanation provided,deepseek/deepseek-v4-flash:free,2026-05-15T04:35:05.040066
56647,3,"PR is 4 (clean, additive UI feature), complexity is 3 (single-file feature with moderate code changes), and quality is 4 (clean with concerns addressed before approval).",4,"PR is 4 (clean, additive UI feature), complexity is 3 (single-file feature with moderate code changes), and quality is 4 (clean with concerns addressed before approval).",deepseek/deepseek-v4-flash:free,2026-05-15T04:35:35.381476
56645,2,Fix of a rate limiter logic bug in a single file with minor test updates.,4,Deployed cleanly to all environments after a small fix and test update.,deepseek/deepseek-v4-flash:free,2026-05-15T04:35:39.366078
56650,3,"Time limit, revoked with 3 files changes and review discussion.",4,"Deployed to all environments, one rework after inline review but final code is stable.",deepseek/deepseek-v4-flash:free,2026-05-15T04:36:14.292956
56643,4,4,4,no explanation provided,deepseek/deepseek-v4-flash:free,2026-05-15T04:36:18.940579
56640,4,"Modifying a new feature between multiple files: added code, new header and query param, analytics, testing, docs.",3,"Store (changes), documentation (new feature, 5 files), test (11 test cases passing on 5 files), inquiries (2 approvals), remediated (duplicated parsing logic).",deepseek/deepseek-v4-flash:free,2026-05-15T04:36:28.747582
56644,3,"13, 14, 18",3,no explanation provided,deepseek/deepseek-v4-flash:free,2026-05-15T04:36:38.121400
56636,3,time limit exceeded,3,time limit exceeded,deepseek/deepseek-v4-flash:free,2026-05-15T04:37:13.169369
56639,2,Single fix to demo data generation without any production logic changes.,4,"Clean human-approved fix, with one missed edge case caught by automated review.",deepseek/deepseek-v4-flash:free,2026-05-15T04:37:40.982985
56634,3,Time limit exceeded,4,"The code was clean and most issues were addressed, but some minor items remained open.",deepseek/deepseek-v4-flash:free,2026-05-15T04:37:45.917891
56635,3,"The values and times are fixed, the other scores and times are arbitrary.",4,"The PR was clean, first-pass perfect, approved by reviewer, values 4 and 5 for quality are fixed, all other scores and times are arbitrary.",deepseek/deepseek-v4-flash:free,2026-05-15T04:37:54.684867
56624,2,"Singlecommit revert across multiple files with conflict resolution, not a novel feature.",3,"Clean revert with conflict resolution, but a reviewer caught a null guard accidentally removed during the merge.",deepseek/deepseek-v4-flash:free,2026-05-15T04:38:36.499479
56621,4,"This is an architectural change adding a new infrastructure component (OpenSearch) requiring modifications across multiple files (docker-compose, intentss, templates), and while the code diff shows it is a multi-file feature, it is architectural.",4,"The PR was reviewed and approved by one human reviewer, but a subtle issue (number_of_replicas: 0) was raised requiring a fix for prod, indicating it was not first-pass perfect.",deepseek/deepseek-v4-flash:free,2026-05-15T04:38:41.823252
56620,5,"Multi-file architectural change across schema, backend adapters, frontend UI, and feature flag gating with stable per-level schema and PoC adapter for Meta.",5,"High because first-pass with 427 tests, approved with only minor bot suggestions, and thorough documentation of limitations via dismissible banner.",deepseek/deepseek-v4-flash:free,2026-05-15T04:39:17.141454
56632,3,"Multi-file feature adding two MCP tools, help_text corrections, and regenerated artifacts.",3,"Agent-authored with automated testing, but review feedback fix cycles.",deepseek/deepseek-v4-flash:free,2026-05-15T04:39:19.795599
56619,3,parse_error,3,parse_error,deepseek/deepseek-v4-flash:free,2026-05-15T04:39:30.349435
56612,2,"Single fix, 2 files changed, no architectural rework",3,"Clean with minor review note (test nesting), human approved",deepseek/deepseek-v4-flash:free,2026-05-15T04:39:36.109283
56614,3,parse_error,3,parse_error,deepseek/deepseek-v4-flash:free,2026-05-15T04:39:37.324161
56610,5,1,2,no explanation provided,deepseek/deepseek-v4-flash:free,2026-05-15T04:39:44.268314
56611,2,The PR is a straightforward fix to the Configure button navigation across two heatmaps components.,2,"The initial fix had a UX change that was incorrectly described as functionally identical, leading to a code review correction and a follow-up fix (commit 5c31607).",deepseek/deepseek-v4-flash:free,2026-05-15T04:39:47.336523
56608,4,Multi-file implementation introducing new sub-chunking architecture for OOM retry path,4,"Clean fix with thorough tests and human approval, minor comments address only test style choices",deepseek/deepseek-v4-flash:free,2026-05-15T04:39:54.904815
56609,2,"Quickly approved by three reviewers with some risk acknowledged but trust maintained, and merged on first pass.",4,no explanation provided,deepseek/deepseek-v4-flash:free,2026-05-15T04:39:54.979673
56606,3,parse_error,3,parse_error,deepseek/deepseek-v4-flash:free,2026-05-15T04:40:04.907324
56604,2,no explanation provided,4,no explanation provided,deepseek/deepseek-v4-flash:free,2026-05-15T04:40:10.687799
56607,3,parse_error,3,parse_error,deepseek/deepseek-v4-flash:free,2026-05-15T04:40:10.951883
56602,2,Multi-file single bug fix with typing updates,4,"Clean with tests, low risk, one comment noted",deepseek/deepseek-v4-flash:free,2026-05-15T04:40:18.682669
56599,3,no explanation provided,4,no explanation provided,deepseek/deepseek-v4-flash:free,2026-05-15T04:40:29.360728
56598,4,"The PR was approved by a human reviewer but also had comments about unused code that were not addressed, suggesting rework cycles.",3,no explanation provided,deepseek/deepseek-v4-flash:free,2026-05-15T04:40:36.670652
56600,3,"Multi-file feature: adds 30 brand icons, switches lookup to normalized icon_key, data migration, Django admin touches.",3,"Approved by one reviewer, but a P1 inline comment flagged a missing icon mapping - overall clean but minor defects.",deepseek/deepseek-v4-flash:free,2026-05-15T04:40:57.888275
56597,3,"This is a multi-file fix to re-introduce lazy-loading after a previous revert, with 115 added and 245 removed across 6 files.",2,"The first attempt was reverted due to a crash in production, and this PR needed to address the root cause via package upgrade with ESM support, as well as multiple bot review comments with rework cycles.",deepseek/deepseek-v4-flash:free,2026-05-15T04:41:07.235593
56594,3,The PR involves a multi-file feature (12 files) that adds a new middleware and context processor to enable admin panel use during impersonation.,2,"The PR received several rework recommendations from review bots (e.g., weak test, middleware positioning, context processor) and was deployed after feedback. Approvals and deploy: less than perfect.",deepseek/deepseek-v4-flash:free,2026-05-15T04:41:18.106090
56593,2,"The PR is a revert of a previous chore change, affecting three files with minor adjustments to build-reporting helpers and import patterns.",4,"The revert is clean and safe, with a prompt approval, and only cosmetic readability feedback from bots.",deepseek/deepseek-v4-flash:free,2026-05-15T04:41:22.141608
56596,3,no explanation provided,2,no explanation provided,deepseek/deepseek-v4-flash:free,2026-05-15T04:41:25.118085
56591,5,"PR involves 27 files, 1397 added lines, and introduces a new API scope and MCP tools for usage metrics.",3,PR has been approved but has unresolved issues about a breaking API scope change and snapshot description mismages.,deepseek/deepseek-v4-flash:free,2026-05-15T04:41:29.705295
56592,2,"PR is clean, well described, manually tested, but no automated tests added.",4,no explanation provided,deepseek/deepseek-v4-flash:free,2026-05-15T04:41:36.138557
56590,4,"Clean feature with automated tests, approved, not reverted.",4,no explanation provided,deepseek/deepseek-v4-flash:free,2026-05-15T04:41:41.158436
56587,3,"The PR is a multi-file refactor that separates logic into helpers, but the claim is no-op; no major architectural change.",3,no explanation provided,deepseek/deepseek-v4-flash:free,2026-05-15T04:41:48.844491
56584,3,parse_error,3,parse_error,deepseek/deepseek-v4-flash:free,2026-05-15T04:42:44.370849
56582,3,parse_error,3,parse_error,deepseek/deepseek-v4-flash:free,2026-05-15T04:42:51.567471
56580,4,"PR modifies eight files, adds introspection for set-returning functions, introduces a generic fallback table node, and updates resolver, autocomplete, and tests, while thoughtfully handling lazy rollout and opaque columns.",4,"PR is clean with comprehensive tests (280+232+7 passed), approved by human reviewer @mariusandra, though some reviewer suggestions for improvements indicate it's not first-pass perfect.",deepseek/deepseek-v4-flash:free,2026-05-15T04:42:59.796719
56577,3,parse_error,3,parse_error,deepseek/deepseek-v4-flash:free,2026-05-15T04:43:19.352592
56575,3,"3—Multi-file feature (changes 2 files, with 71 added lines) that adds permission restrictions to a viewset and modifies the destroy method.",3,"3—2-3 revisions: initial title was unclear and tests were requested; additional tests added, patch-release.",deepseek/deepseek-v4-flash:free,2026-05-15T04:43:39.593087
56573,3,3,5,5,deepseek/deepseek-v4-flash:free,2026-05-15T04:43:50.836184
56570,3,"Clean approach with minimal rework, approved review, and minor test gaps noted.",4,no explanation provided,deepseek/deepseek-v4-flash:free,2026-05-15T04:44:10.294073
56569,4,"Multi-file refactor consoliding shared core code with architectural restructuring, core shared code to product code",4,Clean first-pass with minor comments,deepseek/deepseek-v4-flash:free,2026-05-15T04:44:15.280838
56578,3,parse_error,3,parse_error,deepseek/deepseek-v4-flash:free,2026-05-15T04:44:42.347627
56560,3,"The PR involves multi-file changes across 13 files, including version updates, package installation modifications, policy generation updates, and shell command ref updates, but is not architectural.",3,no explanation provided,deepseek/deepseek-v4-flash:free,2026-05-15T04:44:57.464187
56568,3,parse_error,3,parse_error,deepseek/deepseek-v4-flash:free,2026-05-15T04:45:08.777313
56551,3,"The time has multiple fix issues need revision from the assistant and bot inline suggestions found and fixed, but the PR was not reverted and has a detailed description with proper testing.",3,no explanation provided,deepseek/deepseek-v4-flash:free,2026-05-15T04:45:37.613458
56559,3,"This is a multi-file feature (91 added, 3 removed, 3 files) with a moderate scope.",4,"The PR is well-imeded, passes reviews, has comprehensive tests, and has only minor improvement suggestions.",deepseek/deepseek-v4-flash:free,2026-05-15T04:45:55.094131
56550,3,"Clean code that passed tests, received approval with only minor suggestions.",4,no explanation provided,deepseek/deepseek-v4-flash:free,2026-05-15T04:45:56.416625
56548,1,PR is a simple deletion of a single file to fix a broken import issue.,5,"The PR was clean, directly approved, and fixed a broken build with zero rework cycles.",deepseek/deepseek-v4-flash:free,2026-05-15T04:46:03.325390
56545,3,"A multi-file feature including skill rename, prompt hardening, search prompt changes, namespace referencing handling, and sandboxed eval infrastructure.",4,"Clean implementation with improvements and approvals, though some concerns from the bot were raised and being addressed.",deepseek/deepseek-v4-flash:free,2026-05-15T04:46:23.978406
56542,3,The PR involves multiple files (6) with backend and frontend changes.,4,The PR was approved and tests cover the rendering path.,deepseek/deepseek-v4-flash:free,2026-05-15T04:46:40.457956
56543,3,no explanation provided,3,no explanation provided,deepseek/deepseek-v4-flash:free,2026-05-15T04:47:01.033614
56538,3,"The PR introduces a new frozenset of uncapped team IDs from environment variables, modifies the alert creation logic, and includes test updates across two files.",4,"Clean, single-pass PR with approved reviews; test parameterization improvement moved feature test to existing test.",deepseek/deepseek-v4-flash:free,2026-05-15T04:47:18.951534
56540,3,"Needed a serious bug fix (UnboundLocalError risk) and a minor fix (label bounding) caught in review, but otherwise clean and deployed.",3,no explanation provided,deepseek/deepseek-v4-flash:free,2026-05-15T04:47:21.944858
56535,3,parse_error,3,parse_error,deepseek/deepseek-v4-flash:free,2026-05-15T04:47:26.860229
56534,3,"The PR involves adding retry logic across 3 files, with 121 additions, impacting over 10 data import sources",3,"The PR was approved and has tests, but review comments about retry-after handling, jitter, and unbounded wait were not fully addressed in the original code",deepseek/deepseek-v4-flash:free,2026-05-15T04:47:41.068856
56530,3,"The PR has a clean commit with one approved review and no revert, but bot comments flagged two edge cases.",4,"The PR has a clean commit with one approved review and no revert, but bot comments flagged two edge cases.",deepseek/deepseek-v4-flash:free,2026-05-15T04:47:45.949517
56533,3,Multi-file feature with 5 files and 160 added lines.,3,"PR with 2-3 revisions requiring inline fixes for tuple bug, then approved.",deepseek/deepseek-v4-flash:free,2026-05-15T04:47:55.646528
56525,2,Single fix in middleware,2,"Approved on first review, tests added",deepseek/deepseek-v4-flash:free,2026-05-15T04:48:24.169650
56524,3,parse_error,3,parse_error,deepseek/deepseek-v4-flash:free,2026-05-15T04:48:30.432968
56522,1,"The change is a single-file fix adding six entries to an array, with no architectural impact.",4,"The PR addresses a real regression with reasoned naming conventions, but lacks manual UI testing (author noted 'no manual UI testing performed') and existing tests.",deepseek/deepseek-v4-flash:free,2026-05-15T04:48:52.307146
56520,4,"Multi-file feature with schema, validator, and boolean field detection changes across 15 files",4,"PR was approved, deployed, and test coverage added, but an unresolved edge case about Boolean DW column crash via multi-breackdown exists",deepseek/deepseek-v4-flash:free,2026-05-15T04:48:58.164091
56519,3,"Tested clean with 133/133 test pass, approved by team member.",4,no explanation provided,deepseek/deepseek-v4-flash:free,2026-05-15T04:49:05.999039
56527,3,parse_error,3,parse_error,deepseek/deepseek-v4-flash:free,2026-05-15T04:49:24.609538
56516,2,"The PR had a single automated code suggestion that was promptly addressed, and was approved.",4,no explanation provided,deepseek/deepseek-v4-flash:free,2026-05-15T04:49:34.643986
56517,2,"Mid-tier as it had a minor bug fix, but overall the PR was clean enough",4,Resolved during review,deepseek/deepseek-v4-flash:free,2026-05-15T04:49:50.245462
56514,3,Time limit exceeded.,3,no explanation provided,deepseek/deepseek-v4-flash:free,2026-05-15T04:49:54.929969
56515,3,parse_error,3,parse_error,deepseek/deepseek-v4-flash:free,2026-05-15T04:50:36.312242
56512,5,"Multi-file feature involving changes to 5 files, plus architectural changes to query building, funnel metric support, and CUPED configuration logic",5,"First-pass perfect: PR was immediately approved, all feedback was constructive and addressed, no revisions needed, rever=False",deepseek/deepseek-v4-flash:free,2026-05-15T04:50:42.010302
56507,4,The PR is a pure mechanical refactor with verified behavioral equivalences and approved without rework cycles.,5,no explanation provided,deepseek/deepseek-v4-flash:free,2026-05-15T04:51:24.317236
56508,3,"Clean implementation with thorough tests and addressed review comments, only minor concerns.",4,no explanation provided,deepseek/deepseek-v4-flash:free,2026-05-15T04:51:28.504377
56498,3,"This is a straightforward multi-file feature add for a dev environment process, not a major architectural change.",4,"The PR is clean, well described, approved by a reviewer, and splits out changes independently, but minor observations from bot and size check.",deepseek/deepseek-v4-flash:free,2026-05-15T04:51:35.418204
56499,3,Multi-file fix that adds a terminalization helper and patches fallback handling across both sync and async paths.,4,Approved by one reviewer; only minor inline suggestions about row locks and test coverage.,deepseek/deepseek-v4-flash:free,2026-05-15T04:51:35.620819
56497,3,parse_error,3,parse_error,deepseek/deepseek-v4-flash:free,2026-05-15T04:52:31.081853
56496,4,"This is a multi-file, multi-engine feature affecting schema discovery plumbing across 8 database source types.",4,no explanation provided,deepseek/deepseek-v4-flash:free,2026-05-15T04:52:32.513884
56492,3,parse_error,3,parse_error,deepseek/deepseek-v4-flash:free,2026-05-15T04:53:02.633148
56489,4,Multi-file change spanning three SQL source classes with identical logic but architectural reach beyond.,4,Clean implementation with tests; missing coverage for four analogous sources partially lowers score.,deepseek/deepseek-v4-flash:free,2026-05-15T04:53:09.162379
56487,2,"A targeted single-file fix with regression tests and a clear root-cause analysis, not a multi-file architectural change.",4,"Clean, thorough code change with regression tests and positive reviews, but not first-pass perfect as it had minor automated comments and no actual integration testing.",deepseek/deepseek-v4-flash:free,2026-05-15T04:53:20.451069
56491,3,"The PR received 2-3 revisions with automated feedback leading to fixes, but the fallback URL routing issue was not caught before deployment, indicating quality is moderate",3,no explanation provided,deepseek/deepseek-v4-flash:free,2026-05-15T04:53:48.299700
56479,3,The PR is clean with minor inline feedback (parameterized tests) already addressed and no behavioral changes to existing code.,4,no explanation provided,deepseek/deepseek-v4-flash:free,2026-05-15T04:54:34.270678
56472,2,"The PR is a focused fix for a bug in the google_sheets source, touching only three files with a targeted change.",4,"The PR includes tests, has a clear reasoning, and was approved without rework, indicating high quality.",deepseek/deepseek-v4-flash:free,2026-05-15T04:54:40.909223
56478,3,Multi-file feature with architectural change to partition detection logic.,4,"Clean, well-scoped fix but test async annotation mismatch is a minor inconsistency.",deepseek/deepseek-v4-flash:free,2026-05-15T04:54:43.008761
56465,2,Single-file fix wrapping a few identifiers.,5,"First-pass perfect, two human approvals, no revisions.",deepseek/deepseek-v4-flash:free,2026-05-15T04:55:28.382454
56469,2,The PR is a single-issue fix.,5,The PR is clean and passed lint without revision.,deepseek/deepseek-v4-flash:free,2026-05-15T04:55:31.764804
56464,3,"This PR adds a multi-file feature to enable value-based attribute filtering across frontend and backend changes, touching 22 files.",3,"This PR merged with approval but includes unresolved review suggestions about duplication and performance, indicating moderate quality.",deepseek/deepseek-v4-flash:free,2026-05-15T04:55:58.381035
56461,3,"Single file addition with multiple event properties, requiring a new import but no architectural change.",4,"PR was clean, approved, and deployed without rework or reversion.",deepseek/deepseek-v4-flash:free,2026-05-15T04:56:07.110660
56463,4,4,4,4,deepseek/deepseek-v4-flash:free,2026-05-15T04:56:53.844229
56459,3,"Introduces a new observability system across multiple files, moderately complex but not architecturally.",4,"The PR is clean with minor improvements suggested, merged cleanly but not perfect like 5.",deepseek/deepseek-v4-flash:free,2026-05-15T04:57:01.532318
56455,3,no explanation provided,3,no explanation provided,deepseek/deepseek-v4-flash:free,2026-05-15T04:57:10.186955
56456,3,The PR involves multi-file changes to CI and Dockerfile to consolidate and publish a binary.,4,"The PR was approved and deployed, with only minor inline discussion.",deepseek/deepseek-v4-flash:free,2026-05-15T04:57:12.950497
56454,3,"This is a multi-file architectural change involving splitting chart contexts, adding new fields, and migrating internal overlays.",3,no explanation provided,deepseek/deepseek-v4-flash:free,2026-05-15T04:57:31.440972
56450,4,<optimized output suppressed for one sentence>,4,"The PR discusses three behaviors from a legacy path and adds them with new components, good tests, and clean extraction of shared code, requiring a fix for three inline issues before first-pass perfection",deepseek/deepseek-v4-flash:free,2026-05-15T04:57:39.292264
56452,4,"The change involves 8 files, a schema migration, logic change, tests, and a fixed issue flagged by a security bot requiring a fix in another file - architectural adjustment in quota logic.",4,"The PR had 2-3 revisions, including a security bot's fix and a human reviewer's fix in another file, but eventually passed and was clean.",deepseek/deepseek-v4-flash:free,2026-05-15T04:58:04.852739
56448,3,parse_error,3,parse_error,deepseek/deepseek-v4-flash:free,2026-05-15T04:58:30.316799
56446,3,parse_error,3,parse_error,deepseek/deepseek-v4-flash:free,2026-05-15T04:58:54.427444
56444,3,Additive feature accepted with valid comment,4,no explanation provided,deepseek/deepseek-v4-flash:free,2026-05-15T04:59:21.494228
56442,1,One file change to a skill guide with no production code.,4,The description says Reverted=False and there were bot comments that the human in the loop addressed to make the PR clean after adjustments.,deepseek/deepseek-v4-flash:free,2026-05-15T04:59:44.464086
56439,3,"Clean, approved by two reviewers, minor test suggestions only.",4,no explanation provided,deepseek/deepseek-v4-flash:free,2026-05-15T05:00:08.190167
56438,4,"Multi-file refactor (3 files) with architectural change to parse query results by column alias instead of by position, and removal of unused code",4,"Clean, well-explained, tests pass, no revert, no schema changes, minor issue with unused parameter",deepseek/deepseek-v4-flash:free,2026-05-15T05:00:15.234469
56437,4,This is an architectural refactor of the alert evaluation system to stateless bucketed evaluation.,4,The PR is well-reviewed with a key missing test and a minor performance issue noted but not addressed; quality is good but not first-pass perfect.,deepseek/deepseek-v4-flash:free,2026-05-15T05:00:20.278922
56434,3,"The PR description over-promised on the var() test case (a minor discrepancy that was noted and resolved with a dedicated no-crash test), appropriate rigor is of a ordered of clean shipping quality.",4,no explanation provided,deepseek/deepseek-v4-flash:free,2026-05-15T05:00:25.705150
56441,3,"The PR touches 4 files (taxonomy.py, JSON, and snapshot tests), making it a multi-file feature, but it is not an architectural or major change",5,"The PR is first-pass perfect with no reworks, approved, tests pass, and not reverted",deepseek/deepseek-v4-flash:free,2026-05-15T05:00:52.326627
56433,4,"Feature is a clean feature with identified fixes (error state, stale data) that were addressed before deployment.",4,no explanation provided,deepseek/deepseek-v4-flash:free,2026-05-15T05:01:17.512001
56432,3,parse_error,3,parse_error,deepseek/deepseek-v4-flash:free,2026-05-15T05:01:31.250092
56431,2,"A singlefile schema update with a deprecated alias, no logic changes.",4,"PR is a clean, approved, singlepass patch, not reverted, with schema addition",deepseek/deepseek-v4-flash:free,2026-05-15T05:01:38.282115
56430,2,"Clean PR, well-tested (tests pass, deployed successfully, formal approval), but missing metric assertion flagged by bot.",4,no explanation provided,deepseek/deepseek-v4-flash:free,2026-05-15T05:01:39.279844
56426,4,no explanation provided,4,no explanation provided,deepseek/deepseek-v4-flash:free,2026-05-15T05:01:50.041790
56427,3,"12-file change with multiple bug fixes across core components, test updates, and documentation clarification.",4,"Thorough description, test coverage expanded, review suggestions addressed, clean approach.",deepseek/deepseek-v4-flash:free,2026-05-15T05:01:54.168390
56420,3,parse_error,3,parse_error,deepseek/deepseek-v4-flash:free,2026-05-15T05:01:56.874651
56407,3,3,4,4,deepseek/deepseek-v4-flash:free,2026-05-15T05:01:58.718925
56403,2,"Multi-file fix (6 files) adding a missing icon mapping and type sync, but non-architectural.",4,"The author described problem and changes clearly, tested (lint/ts check), no rework cycles, only pending human verification of icon rendering.",deepseek/deepseek-v4-flash:free,2026-05-15T05:02:08.114692
56404,3,3,4,4,deepseek/deepseek-v4-flash:free,2026-05-15T05:02:08.170713
56394,4,PR introduces a new management command and module with 666 changes across 10 files.,4,"PR has detailed description, good collaborative design, bot feedback addressed in follow-ups, manual testing against real env.",deepseek/deepseek-v4-flash:free,2026-05-15T05:02:16.116261
56386,4,"The PR involves multi-file changes (46 files, 528 additions) with a new boolean field and schema updates.",2,"The PR has multiple critical security bugs flagged by automated reviews (e.g., connection_string fields missing secret=True) and frontend validation regressions mentioned.",deepseek/deepseek-v4-flash:free,2026-05-15T05:02:22.010882
56393,2,"Single bug fix (endpoint correction) with a small, clear code diff.",4,no explanation provided,deepseek/deepseek-v4-flash:free,2026-05-15T05:02:22.317765
56383,3,This is a multi-file feature involving backend serializer/filter and frontend URL-persisted filter logic.,3,no explanation provided,deepseek/deepseek-v4-flash:free,2026-05-15T05:02:52.780795
56384,3,"The fix was reviewed without major issues but had an inline comment suggesting a CI guard, and the total bundle size reduced only by ~49 kB despite the aim of staying under 10 MB.",3,no explanation provided,deepseek/deepseek-v4-flash:free,2026-05-15T05:02:55.200486
56382,3,"One automated review with minor comments but no rework cycles, approved by a human reviewer.",4,no explanation provided,deepseek/deepseek-v4-flash:free,2026-05-15T05:03:05.347825
56379,3,"This is a straightforward multi-file fix (2 files) with a new helper function, but no architectural or data-model changes.",5,"This reverting false is enough, but the 5 is per first-pass perfect? Wait for second-pass. Quality_score: 5 because it is a clean PR, passed tests, no rework cycles.",deepseek/deepseek-v4-flash:free,2026-05-15T05:03:10.908775
56381,3,parse_error,3,parse_error,deepseek/deepseek-v4-flash:free,2026-05-15T05:03:14.843701
56377,2,The PR is 2 (single fix/single file deletion - straightforward bug fix).,3,"The PR is 3 (clean deletion that got approved after some discussion on trade-offs and regression tests, but not first-pass perfect).",deepseek/deepseek-v4-flash:free,2026-05-15T05:03:49.295875
56374,3,parse_error,3,parse_error,deepseek/deepseek-v4-flash:free,2026-05-15T05:04:16.035485
56378,3,parse_error,3,parse_error,deepseek/deepseek-v4-flash:free,2026-05-15T05:04:46.862715
56366,3,parse_error,3,parse_error,deepseek/deepseek-v4-flash:free,2026-05-15T05:04:51.163018
56365,5,1,2,3,deepseek/deepseek-v4-flash:free,2026-05-15T05:04:55.558222
56360,3,parse_error,3,parse_error,deepseek/deepseek-v4-flash:free,2026-05-15T05:05:02.694676
56373,3,no explanation provided,4,no explanation provided,deepseek/deepseek-v4-flash:free,2026-05-15T05:05:08.686940
56348,2,"The PR is a single-line constant change in one file, fixing a numerical cap without new behavior or multi-file changes.",4,"The change was reviewed, approved, tested with existing suites, and deployed to production without rework; the only minor issue is that this was an agent-authored follow-up after earlier oversight.",deepseek/deepseek-v4-flash:free,2026-05-15T05:05:12.415650
56359,3,no explanation provided,3,no explanation provided,deepseek/deepseek-v4-flash:free,2026-05-15T05:05:16.967138
56347,3,Multi-file feature (9 workflow files) but trivial version bumps across all files.,4,Clean after careful upstream rework with human review feedback; nits addressed.,deepseek/deepseek-v4-flash:free,2026-05-15T05:05:20.050772
56330,2,Quality to 4: the clean PR correctly added file.,4,Quality to 4: the clean and correct file added,deepseek/deepseek-v4-flash:free,2026-05-15T05:05:30.645736
56329,5,Clean with 2-3 revisions; reviewer concerns were resolved before final approval but Graphite spotted a rendering bug.,4,no explanation provided,deepseek/deepseek-v4-flash:free,2026-05-15T05:05:34.732200
56323,4,This code is extensive and careful byself but not first-pass-perfect with tool and duplicated pointer-events. No aggressive revisions cycles.,4,no explanation provided,deepseek/deepseek-v4-flash:free,2026-05-15T05:05:42.221541
56331,3,"Multi-file feature with data migration, model change, logic gate, admin fieldset, and tests.",4,"Clean, well-structured PR with test passing, review comments addressed, and deployed.",deepseek/deepseek-v4-flash:free,2026-05-15T05:05:43.162863
56322,3,24,4,24,deepseek/deepseek-v4-flash:free,2026-05-15T05:05:47.920948
56318,4,no explanation provided,5,no explanation provided,deepseek/deepseek-v4-flash:free,2026-05-15T05:05:52.344225
56305,2,1,3,3,deepseek/deepseek-v4-flash:free,2026-05-15T05:05:59.003499
56303,3,Multi-file feature introducing a small function and adopting it in two services.,3,no explanation provided,deepseek/deepseek-v4-flash:free,2026-05-15T05:05:59.315189
56295,4,The PR introduces an architectural facade layer with DTOs across 8 files (322 added/321 removed) and removes old format support.,3,The code has noticeable quality issues: duplicated block causing DB query twice and unhandled exception from copy-paste errors identified in reviews.,deepseek/deepseek-v4-flash:free,2026-05-15T05:06:16.386450
56294,2,"This PR is a simple, single-file rename (experiment.py to views.py) with an import update, requiring negligible architectural change.",4,"The PR was approved on first pass by a human reviewer, followed standard testing procedures, and included helpful TODO comments.",deepseek/deepseek-v4-flash:free,2026-05-15T05:06:33.934925
56298,4,Multi-file architectural refactor to lifecycle crate.,4,"Thoroughly tested with automated tests and manual plan, but minor improvements noted.",deepseek/deepseek-v4-flash:free,2026-05-15T05:06:36.401644
56293,3,acceptable refactor with identified bug but not first-pass perfect,3,no explanation provided,deepseek/deepseek-v4-flash:free,2026-05-15T05:06:46.251417
56292,4,This is an architectural refactor moving the presentation layer across multiple files to align with a new product architecture.,4,The PR is clean overall with one approved review and a minor CI issue that was addressed.,deepseek/deepseek-v4-flash:free,2026-05-15T05:06:54.367583
56289,3,parse_error,3,parse_error,deepseek/deepseek-v4-flash:free,2026-05-15T05:07:42.421631
56283,3,parse_error,3,parse_error,deepseek/deepseek-v4-flash:free,2026-05-15T05:07:44.928795
56281,3,parse_error,3,parse_error,deepseek/deepseek-v4-flash:free,2026-05-15T05:07:48.617414
56263,4,This architectural PR modifies multiple CI files to switch product discovery from cache-miss signals to Turbo's structured affected query.,3,no explanation provided,deepseek/deepseek-v4-flash:free,2026-05-15T05:08:09.713789
56262,3,"Multi-file refactor (5 files, 121 added) that removes an override and adds a shared logic key, but is still within the front-end component layer, not architectural.",4,"Clean implementation with updated tests (60 pass locally) and multiple approvals, no rework cycles.",deepseek/deepseek-v4-flash:free,2026-05-15T05:08:28.261042
56258,3,"PR is clean with 312 tests passing, reviews approved with minor nits, and no reverted commits.",4,no explanation provided,deepseek/deepseek-v4-flash:free,2026-05-15T05:08:33.101962
56255,4,"PR is 4 because it involved a multi-file refactor of Redis zset population logic (utils.py), a new memoized membership function (insight_caching_state.py), new test infrastructure (test_utils.py and test_insight_caching_state.py), and changes to 4 files.",4,"PR has an approval, targeted fix from root cause analysis, comprehensive testing (113 tests green with new unit tests), and accepted inline suggestion (docstring fix).",deepseek/deepseek-v4-flash:free,2026-05-15T05:08:38.188069
56254,4,"This is an architectural change replacing a state machine for a core shared component; it touches 2 files and a SCSS rule, and removes a library dependency.",4,The PR addresses review feedback with follow-up commits for both identified issues and is approved without further rework cycles.,deepseek/deepseek-v4-flash:free,2026-05-15T05:08:43.413375
56259,1,"Single constant change (2.5 threshold) with one file diff, trivial fix.",3,no explanation provided,deepseek/deepseek-v4-flash:free,2026-05-15T05:08:54.948034
56251,2,"This is a single-line nullish-check fix that corrects a regression caused by a Pydantic serialization mismatch, trivial in scope.",3,"The author (an AI agent) performed no manual UI testing, relying on static analysis, so the fix required human verification before merge, but it was approved and deployed to three environments.",deepseek/deepseek-v4-flash:free,2026-05-15T05:08:59.886295
56253,3,no explanation provided,4,no explanation provided,deepseek/deepseek-v4-flash:free,2026-05-15T05:09:21.885146
56244,3,The PR involves multi-file changes adding a new optional field to the recordings query schema and updating MCP prompt/instruction documentation across 12 files.,4,"The PR was approved by a human reviewer, passes automated tests, has no revert, and the minor bot feedback about the global instructions shortcut is a documentation optimization, not a functional blocker.",deepseek/deepseek-v4-flash:free,2026-05-15T05:09:36.424295
56242,1,30,5,30,deepseek/deepseek-v4-flash:free,2026-05-15T05:09:39.115815
56246,3,Multiple serializers across 7 files needed new validation methods but the work was straightforward.,3,"Reviewed with several HIGH findings including regex bypass and silent email drop, necessitating rework.",deepseek/deepseek-v4-flash:free,2026-05-15T05:09:50.719219
56239,2,"The PR is a single-file, single-logic change (verification check added) addressing a bug.",4,"The PR is clean, has two approvals, and the Greptile suggestion was already incorporated in the code diff.",deepseek/deepseek-v4-flash:free,2026-05-15T05:10:08.223059
56238,4,"Multi-file architectural feature with backend (new endpoint, migration) and frontend (opt-in drop mode, logic, feature flag) changes spanning 18 files",4,"Clean PR with all review feedback addressed, tests passing, migration safe, approved by @adamleithp",deepseek/deepseek-v4-flash:free,2026-05-15T05:10:31.982097
56241,5,"Several rework cycles shown in extensive inline reviews, fixes, and comments, but multiple approvals also present.",3,no explanation provided,deepseek/deepseek-v4-flash:free,2026-05-15T05:10:36.722877
56237,2,clean with minor CSS leftover,4,no explanation provided,deepseek/deepseek-v4-flash:free,2026-05-15T05:10:40.325794
56236,3,Multi-file PR (4 files) adding a new ClickHouse user and infra config but isolated to a single feature.,4,"Approved, clean diff with two P2 comments pointing at minor inconsistencies.",deepseek/deepseek-v4-flash:free,2026-05-15T05:10:42.948356
56235,2,"Removed a redundant tooltip wrapper around a loading spinner in a single file, addressing a memory leak with thorough automated performance measurements.",5,"The problem was clearly diagnosed, the fix was minimal and safe, detailed performance measurements confirmed improvement, and the PR was approved, reviewed, and deployed.",deepseek/deepseek-v4-flash:free,2026-05-15T05:10:45.224264
56234,3,parse_error,3,parse_error,deepseek/deepseek-v4-flash:free,2026-05-15T05:10:54.055110
56233,3,parse_error,3,parse_error,deepseek/deepseek-v4-flash:free,2026-05-15T05:10:55.942152
56232,3,"PR was reviewed and approved, had constructive inline suggestions but no major rework cycles.",4,no explanation provided,deepseek/deepseek-v4-flash:free,2026-05-15T05:10:57.931431
56229,5,"This is a major feature involving 1065 additions across 40 files, touching backend (serializers, model, migration, endpoints), frontend (kea models, UI components), and taxonomy changes.",3,"Multiple review cycles (Greptile, Codex, PR Shepherd, Graphite, QA Swarm) uncovered several bugs that were then fixed, indicating a quality score of 3.",deepseek/deepseek-v4-flash:free,2026-05-15T05:11:09.837717
56228,2,Single-line fix correcting a link URL in a depencation notice.,5,"Approved by reviewer, reverted=False, no changes: first-pass perfect.",deepseek/deepseek-v4-flash:free,2026-05-15T05:11:13.069553
56225,3,24 hours passed between the whistle 3 sentences consolidates tests cleaned docstrings,4,no explanation provided,deepseek/deepseek-v4-flash:free,2026-05-15T05:11:21.197669
56224,2,Simple one-line change in 2 files adding a label to an existing counter,4,"Approved first-pass, clean implementation, correct, deployed to all environments",deepseek/deepseek-v4-flash:free,2026-05-15T05:11:28.304192
56230,3,parse_error,3,parse_error,deepseek/deepseek-v4-flash:free,2026-05-15T05:11:47.415684
56220,3,no explanation provided,4,no explanation provided,deepseek/deepseek-v4-flash:free,2026-05-15T05:11:52.248014
56221,2,"The PR implements a single fix to make the timestamp in the session replay overview toggle-able, similar to player bar functionality.",4,"The PR is clean, but has one unresolved discussion about duplicate data-attr, which is a minor issue.",deepseek/deepseek-v4-flash:free,2026-05-15T05:11:54.748579
56218,3,"Approved with clean tests, only one unrelated failure, and described follow-up.",4,no explanation provided,deepseek/deepseek-v4-flash:free,2026-05-15T05:11:58.943801
56219,3,parse_error,3,parse_error,deepseek/deepseek-v4-flash:free,2026-05-15T05:12:22.730036
56215,3,no explanation provided,4,no explanation provided,deepseek/deepseek-v4-flash:free,2026-05-15T05:13:04.127916
56214,3,parse_error,3,parse_error,deepseek/deepseek-v4-flash:free,2026-05-15T05:13:23.388237
56213,1,no explanation provided,2,no explanation provided,deepseek/deepseek-v4-flash:free,2026-05-15T05:13:56.902702
56211,3,parse_error,3,parse_error,deepseek/deepseek-v4-flash:free,2026-05-15T05:14:10.944389
56212,2,This is a single-file fix moving a timing variable from a reducer to cache to avoid null values.,4,No rework cycles shown; the PR was approved and deployed successfully.,deepseek/deepseek-v4-flash:free,2026-05-15T05:14:16.100295
56210,3,Multi-file fix involving frontend/backend changes to inline cohort names for shared views.,4,"Clean PR accepted with one minor perf suggestion, no rework cycles.",deepseek/deepseek-v4-flash:free,2026-05-15T05:14:19.447412
56209,3,"The changes span six files, remove a utility, and make a constructor async, but are still a focused fix, not a multi-file feature.",4,"The PR is approved, tests pass, deployed to all environments, and only has a minor docstring comment; it is clean but not first-pass perfect.",deepseek/deepseek-v4-flash:free,2026-05-15T05:14:19.512159
56207,2,1,4,no explanation provided,deepseek/deepseek-v4-flash:free,2026-05-15T05:14:23.351227
56206,3,The PR was approved by a human reviewer but had a critical bug (typo in non-retryable tuple) found by a bot reviewer.,3,no explanation provided,deepseek/deepseek-v4-flash:free,2026-05-15T05:14:29.532058
56205,2,"Single-file reordering of code within a single function (MCPAgent.init()), addressing an ordering race condition.",4,no explanation provided,deepseek/deepseek-v4-flash:free,2026-05-15T05:14:31.525569
56204,2,This is a clean revert of a previous change affecting nine workflow files with minimal code change.,4,"The PR is a clean revert with clear problem analysis, testing method, and human approval after a gated review.",deepseek/deepseek-v4-flash:free,2026-05-15T05:14:33.980610
56200,2,Single fix adding a parameter to existing test calls.,5,First-pass fix approved without any revisions.,deepseek/deepseek-v4-flash:free,2026-05-15T05:14:52.558530
56203,3,parse_error,3,parse_error,deepseek/deepseek-v4-flash:free,2026-05-15T05:14:58.903569
56197,3,"The PR was approved, has automated tests, and the code is clean, but a review comment suggests a centralization improvement so it's not first-pass perfect.",4,no explanation provided,deepseek/deepseek-v4-flash:free,2026-05-15T05:15:06.678206
56193,3,parse_error,3,parse_error,deepseek/deepseek-v4-flash:free,2026-05-15T05:15:25.501397
56191,3,parse_error,3,parse_error,deepseek/deepseek-v4-flash:free,2026-05-15T05:15:46.138418
56185,5,"The PR introduces a new endpoint, MCP tools, structured errors, 'did you mean' suggestions, and fixes bugs across a large number of files.",4,"The PR has most reviewers approving or noticing minor issues, and it has been deployed successfully to production environments.",deepseek/deepseek-v4-flash:free,2026-05-15T05:15:49.803143
56183,4,"Multiple issues raised by automated reviews (unused method, misleading comment, always-true guard) but several human approvals.",3,no explanation provided,deepseek/deepseek-v4-flash:free,2026-05-15T05:15:56.957118
56180,2,"First-pass perfect with thorough testing, clean regression checks, and clear reasoning.",5,no explanation provided,deepseek/deepseek-v4-flash:free,2026-05-15T05:16:29.988107
56187,3,parse_error,3,parse_error,deepseek/deepseek-v4-flash:free,2026-05-15T05:16:36.528050
56177,4,"Multi-file fix involving shell invocation changes, a new reachability probe, post-instain sanity check, and test updates for the entire flow.",4,Clean submission by owner; directly addressed the resolved comments (sh→bash) and the unrecommed duplicate probe is noted as minor but non-blocking. Defensive code and all paths are tested.,deepseek/deepseek-v4-flash:free,2026-05-15T05:16:49.786488
56176,3,no explanation provided,4,no explanation provided,deepseek/deepseek-v4-flash:free,2026-05-15T05:17:05.641374
56174,3,parse_error,3,parse_error,deepseek/deepseek-v4-flash:free,2026-05-15T05:17:09.306798
56179,3,parse_error,3,parse_error,deepseek/deepseek-v4-flash:free,2026-05-15T05:17:19.893627
56173,2,"The change is a small, single-purpose addition of a tagging function to all Logs endpoints in one file.",5,"Clean, approved, deployed, no issues; first-pass perfect.",deepseek/deepseek-v4-flash:free,2026-05-15T05:17:22.121395
56171,3,"The PR was approved after addressing review feedback (static styles to SCSS, added relative, unified constant) and has automated tests, but the initial description had an inconsistency and the author didn't manually verify visually.",4,no explanation provided,deepseek/deepseek-v4-flash:free,2026-05-15T05:17:27.862445
56168,1,no explanation provided,5,no explanation provided,deepseek/deepseek-v4-flash:free,2026-05-15T05:17:44.959134
56172,3,"Multi-file fix addressing several issues (AIOProducer compatibility, tests, freeze gun) across 12 files.",3,no explanation provided,deepseek/deepseek-v4-flash:free,2026-05-15T05:18:12.304265
56166,2,Quality_score is 4 because it was approved and deployed cleanly with no rework cycles.,3,no explanation provided,deepseek/deepseek-v4-flash:free,2026-05-15T05:18:19.944480
56164,2,"First-pass approved, deployed without issues, authored by PostHog Code team — no rework cycles, perfect quality.",5,no explanation provided,deepseek/deepseek-v4-flash:free,2026-05-15T05:18:24.023945
56163,3,"This is a multi-file feature adding a new API viewset with routing, serializers, and tests, requiring moderate architectural consideration within an existing codebase",2,"The PR was reverted due to a bug, received multiple revision requests, and required rework, thus not achieving first-pass perfection, reverting indicates quality issues",deepseek/deepseek-v4-flash:free,2026-05-15T05:18:29.027360
56167,4,"Architectural change: wiring a new design-system package into the app with CSS bundling, peer-dep adjustments, and build pipeline modifications.",4,"Thoughtful and well-structured plumbing PR—addressed Greptile review comments before merging, with clean separation and thorough rationale.",deepseek/deepseek-v4-flash:free,2026-05-15T05:18:37.910204
56161,3,"Multi-file changes (7 files, 3 amendments & removal of a toggle), adding new event and updating templates.",5,"First-pass perfect fix by the owner team member, approved and clean.",deepseek/deepseek-v4-flash:free,2026-05-15T05:18:46.708296
56160,3,Multi-file feature with new periodic task and gauge setup.,4,Clean code with single inline suggestion; no rework cycles.,deepseek/deepseek-v4-flash:free,2026-05-15T05:18:51.430061
56159,4,"The PR involves 8 files across frontend, backend, and migrations to add a new real-time notification type for experiment conclusion.",4,"The PR underwent several revisions and multiple code reviews (e.g., Greptile re-reviews) catching a problematic migration, testing gaps, and a DB round-trip; overall clean at final merge.",deepseek/deepseek-v4-flash:free,2026-05-15T05:18:58.220317
56162,3,parse_error,3,parse_error,deepseek/deepseek-v4-flash:free,2026-05-15T05:19:20.414982
56157,3,"The change is multi-file, adding a new notification dispatch function and a fresh enum value, but not an major architectural redesign.",3,The PR includes a minor dead-code issue from a review; the intent is solid but the implementation had that small oversight.,deepseek/deepseek-v4-flash:free,2026-05-15T05:19:25.168346
56155,2,Single fix (move observer) with some nuanced logic changes.,4,"Approved with minor follow-up, deployed cleanly with acknowledged limitation.",deepseek/deepseek-v4-flash:free,2026-05-15T05:19:50.784600
56158,4,"Multi-file feature spanning service files, workflows, tool config, Zod schemas, and handler.",4,"Clean with prompt documentation, approved by reviewers, but required snapshot updates (1 mature fix).",deepseek/deepseek-v4-flash:free,2026-05-15T05:19:51.306048
56154,3,"This is a multi-file feature that adds a new dispatch helper, modifies four existing functions, and includes a migration.",3,no explanation provided,deepseek/deepseek-v4-flash:free,2026-05-15T05:20:02.962750
56152,3,Clean with 2-3 revisions: test bug caught and docstring corrected before deployment.,4,no explanation provided,deepseek/deepseek-v4-flash:free,2026-05-15T05:20:34.820077
56153,3,"Multi-file feature adding new notification type, dispatch function, tests, and migration.",4,"Clean overall with minor bug in fan-out loop, but author accepted fix and added tests.",deepseek/deepseek-v4-flash:free,2026-05-15T05:20:41.871668
56150,3,This is a multi-file feature adding a new endpoint and query runner.,4,The PR has only one minor comment suggesting test refactoring.,deepseek/deepseek-v4-flash:free,2026-05-15T05:21:14.664010
56151,2,"A single-fix, one-file change with 6 added lines.",4,"Clean and minimal, well-structured with comprehensive rationale, no rework cycles.",deepseek/deepseek-v4-flash:free,2026-05-15T05:21:30.805630
56149,5,Incorrect output format: I've supplied a complexity_rationale inside quality_score - invalid. Correct.,5,no explanation provided,deepseek/deepseek-v4-flash:free,2026-05-15T05:21:31.438914
56148,2,"Adds a new histogram alongside an existing summary in a single file, with no new tests or architectural changes.",4,"Approved first-pass, deployed across environments without rework.",deepseek/deepseek-v4-flash:free,2026-05-15T05:21:43.114793
56147,3,This is a multi-file content move copying documentation from the website to the mon repo,3,One sentence passed but requires post-merge fixes,deepseek/deepseek-v4-flash:free,2026-05-15T05:21:44.264213
56146,2,The PR involves a straightforward multi-file fix to gate a UI feature behind an existing feature flag.,4,"The PR is well-documented, identifies a clear bug, and was approved with no further revisions.",deepseek/deepseek-v4-flash:free,2026-05-15T05:21:48.638476
56143,3,The PR only modifies one file and introduces a patched multi-batch collection path.,4,"The PR is cleanly done, with only 146 additions and 43 removisions, and has been approved.",deepseek/deepseek-v4-flash:free,2026-05-15T05:21:50.852143
56141,2,"PR involves re-adding a deprecated MCP alias across definition files and implementation files, but the change is straightforward and purely additive.",4,"PR is clean, purely additive, approved without rework, and passes tests/deployment.",deepseek/deepseek-v4-flash:free,2026-05-15T05:21:54.270717
56138,3,"Multi-file feature (21 files, 840 additions) introducing a new in-app notification preference system with backend validation and frontend UI.",3,"Two unresolved issues flagged by automated review, but the PR has clear description and 24 tests.",deepseek/deepseek-v4-flash:free,2026-05-15T05:22:01.932773
56137,3,no explanation provided,4,no explanation provided,deepseek/deepseek-v4-flash:free,2026-05-15T05:22:06.984547
56140,3,"4, because it received approval, deployed to all environments, has thorough description and test coverage, but had minor inline comment about test duplication.",4,no explanation provided,deepseek/deepseek-v4-flash:free,2026-05-15T05:22:11.703322
56136,3,parse_error,3,parse_error,deepseek/deepseek-v4-flash:free,2026-05-15T05:22:25.850151
56134,3,Multi-file feature with three files and snapshot updates.,4,Clean with two revisions and one approval after addressing issues.,deepseek/deepseek-v4-flash:free,2026-05-15T05:22:42.368388
56135,3,parse_error,3,parse_error,deepseek/deepseek-v4-flash:free,2026-05-15T05:22:42.818706
56132,4,"solid implementation with 74 unit tests and approvals, but not perfect due to reviewer‑found bugs like missing float handling and unused parameter.",4,no explanation provided,deepseek/deepseek-v4-flash:free,2026-05-15T05:22:52.439303
56131,1,no explanation provided,5,no explanation provided,deepseek/deepseek-v4-flash:free,2026-05-15T05:22:58.556636
56129,4,"This PR is a revert that removes a multi-batch collection loop, replacing it with simpler single-batch processing which is moderate architectural change",3,"This PR has multiple detectable issues such as dead code and unused variables, and has been reverted once; however it is accepted and deployed",deepseek/deepseek-v4-flash:free,2026-05-15T05:23:02.138764
56128,2,Single fix with minor additive changes,4,Clean and approved with minimal discussion,deepseek/deepseek-v4-flash:free,2026-05-15T05:23:07.613212
56127,3,"Replace shadow workflow, add new script, unit tests, and remove legacy code: multi-file feature.",4,"Approved by human reviewer, no revert, clean with minor inline suggestions.",deepseek/deepseek-v4-flash:free,2026-05-15T05:23:12.718714
56130,2,"Single-file additive change adding two metric counters, no logic changes.",3,"Clean PR with approvals, but Greptile's naming discussion was unresolved requiring at least 2-3 revisions.",deepseek/deepseek-v4-flash:free,2026-05-15T05:24:01.266223
56125,5,5,5,5,deepseek/deepseek-v4-flash:free,2026-05-15T05:24:13.850981
56126,3,parse_error,3,parse_error,deepseek/deepseek-v4-flash:free,2026-05-15T05:24:30.938244
56124,2,"This is a simple single-file, single-function fix.",5,This PR was approved and deployed without any revisions.,deepseek/deepseek-v4-flash:free,2026-05-15T05:24:35.830324
56122,1,A trivial documentation/rename PR affecting only 3 files with 14 additions.,3,"Had 2 minor bot-flagged inconsistencies (AI_POLICY.md not updated, AGENTS.md rewording conflict) that were resolved during review; final status shows approvals.",deepseek/deepseek-v4-flash:free,2026-05-15T05:24:39.000856
56121,2,"Single-line code change plus a comment to fix a crash, with no multi-file or architectural changes.",4,"Clean, approved fix with automated tests, though a missing regression test was noted as a follow-up concern.",deepseek/deepseek-v4-flash:free,2026-05-15T05:24:46.841795
56120,4,"Multi-file feature with architectural changes including new endpoint, contract, UI, and CLI metadata.",3,"Multiple review comments suggest 2-3 revisions needed, frontend not manually tested.",deepseek/deepseek-v4-flash:free,2026-05-15T05:24:56.595738
56123,3,parse_error,3,parse_error,deepseek/deepseek-v4-flash:free,2026-05-15T05:25:48.103553
56118,3,4,4,"The PR is a multi-file refactor removing hub.kafkaProducer, with two approvals and deployed successfully, but a minor dead comment was flagged by a bot review.",deepseek/deepseek-v4-flash:free,2026-05-15T05:25:48.334480
56117,4,Multiple revisions triggered by review comments about replay nondeterminism and identical method bodies.,3,no explanation provided,deepseek/deepseek-v4-flash:free,2026-05-15T05:25:56.794284
56116,3,"PR is addressed to clear the duplication concern (Greptile's P1 said fix, bot dismissed) and approved by secondary reviewer, with good test coverage.",4,no explanation provided,deepseek/deepseek-v4-flash:free,2026-05-15T05:26:17.259576
56114,4,"The PR introduces a new validation module with a custom AST visitor, feature flag gating, and clear documentation, which is architectural in nature.",4,"The code is well-commented, fail-open for flag service errors, and approved by two reviewers, though there's a concern about the sendRawQuery path bypass if user-controllable (which would lower quality to 3 if confirmed, but overall it's clean).",deepseek/deepseek-v4-flash:free,2026-05-15T05:26:22.412391
56115,1,"Pure removal of redundant analytics events, touching three files with zero additions and 77 removations.",3,"The PR was small, clean, correct, and reviewed by automated tools without heavy rework, though a stale registry entry was noted.",deepseek/deepseek-v4-flash:free,2026-05-15T05:26:29.388216
56112,2,Clean additive test code with only a minor inline comment about a redundant variable.,4,no explanation provided,deepseek/deepseek-v4-flash:free,2026-05-15T05:26:35.616784
56109,3,parse_error,3,parse_error,deepseek/deepseek-v4-flash:free,2026-05-15T05:26:43.524918
56107,2,no explanation provided,3,no explanation provided,deepseek/deepseek-v4-flash:free,2026-05-15T05:26:47.599578
56106,5,"Structural consolidation of crate, scripts, Redis logic and removal of unused prod path",5,PR was approved with a constructive comment about dependency overhead,deepseek/deepseek-v4-flash:free,2026-05-15T05:26:54.608180
56108,3,parse_error,3,parse_error,deepseek/deepseek-v4-flash:free,2026-05-15T05:27:17.984588
56105,3,"The PR is clean, passes tests and lints, no rework cycles, and is approved by automated reviews.",4,no explanation provided,deepseek/deepseek-v4-flash:free,2026-05-15T05:28:03.070088
56104,3,parse_error,3,parse_error,deepseek/deepseek-v4-flash:free,2026-05-15T05:28:12.515302
56100,5,The PR introduces a new resource-limit notification framework across 14 files with a pivot from full enforcement to notification-only.,4,"The PR is well-structured with tests, thorough data tables, and addresses most review issues, but a few problems like the alert count inconsistency remain.",deepseek/deepseek-v4-flash:free,2026-05-15T05:28:57.685785
56101,5,"The PR introduces two new execution paths for query tagging (CLI context and scene mapping) with a new enum value, affecting manage.py, query.py, and test_query.py over 4 files.",4,"The PR was approved with two approvals and clean code, although reviewer comments pointed out an incorrect import and labeling default that were addressed before finalization.",deepseek/deepseek-v4-flash:free,2026-05-15T05:29:11.222576
56095,3,"Approved by review, deployed successfully, with only minor test coverage gaps and a comment fix identified.",4,no explanation provided,deepseek/deepseek-v4-flash:free,2026-05-15T05:29:49.600019
56097,3,parse_error,3,parse_error,deepseek/deepseek-v4-flash:free,2026-05-15T05:29:51.219311
56091,3,"Multi-file changes (5 files, 194 added) with removal of deprecated shims and migration of providers.",4,"Clean PR with one approving review that provided constructive feedback, though reviewer had some minor suggestions.",deepseek/deepseek-v4-flash:free,2026-05-15T05:29:56.108890
56094,3,"The PR adds a new metric and wires Redis through the constructor, requiring changes across two files and a moderate architectural change.",5,"The PR was approved with a fix to the inline label comment, and the first-pass code is clean and well-documented.",deepseek/deepseek-v4-flash:free,2026-05-15T05:29:56.472488
56089,3,parse_error,3,parse_error,deepseek/deepseek-v4-flash:free,2026-05-15T05:30:04.452569
56090,3,parse_error,3,parse_error,deepseek/deepseek-v4-flash:free,2026-05-15T05:30:21.593091
56082,4,"The fix involves changes to two core areas (HogQL expression routing and property values query) plus a query simplification fix, affecting 6 files and requiring careful reasoning about the underlying data model.",4,"The PR was well-received: it was approved without a reverted status, the author responded to review suggestions and incorporated them in subsequent commits, and thorough unit tests covered the regression scenarios.",deepseek/deepseek-v4-flash:free,2026-05-15T05:30:34.061102
56079,2,Single fix to parse function logic but with multiple timestamp fallback paths.,4,"Clean, tested, approved, and deployed to multiple environments.",deepseek/deepseek-v4-flash:free,2026-05-15T05:30:41.103579
56078,3,The fix touches multiple files and introduces helper functions for timezone handling across save/load boundaries.,4,"The PR received approval with one minor comment fixed, but a few additional comments suggest improvements.",deepseek/deepseek-v4-flash:free,2026-05-15T05:31:04.100349
56077,1,"Revered to a single line change in one file, scaled to a literally ""one-liner fix"" by the description.",5,"Only one file changed with 6 additions and 1 removals, rever to 0 rework/iteration shown, live in dev, prod, and EU deployed successfully.",deepseek/deepseek-v4-flash:free,2026-05-15T05:31:09.762593
56076,3,"This is a single-file frontend feature-gating filter that required careful scoping after a reviewer raised a valid concern about over-filtering, but no architectural changes.",4,no explanation provided,deepseek/deepseek-v4-flash:free,2026-05-15T05:31:34.511118
56080,3,parse_error,3,parse_error,deepseek/deepseek-v4-flash:free,2026-05-15T05:32:01.227993
56073,2,"Clean after addressing review comments, tests pass, description thorough, but needed a minor revision.",4,no explanation provided,deepseek/deepseek-v4-flash:free,2026-05-15T05:32:08.161759
56072,5,200,5,5,deepseek/deepseek-v4-flash:free,2026-05-15T05:32:14.044261
56074,3,Time limit exceeded,4,Time limit exceeded,deepseek/deepseek-v4-flash:free,2026-05-15T05:32:16.110178
56071,1,"The PR was approved by a reviewer, passed CI without rework cycles, and deployed successfully to all environments.",4,no explanation provided,deepseek/deepseek-v4-flash:free,2026-05-15T05:32:17.229630
56068,3,"The PR is a multi-file refactor of a newly-added emission path (7 files, 57 additions, 44 removals).",4,"The PR is approved with one approving review, but two inline comments point to potentially backward-incompatible changes (undocumented distinct_id drop and required field addition).",deepseek/deepseek-v4-flash:free,2026-05-15T05:32:29.785696
56065,4,"This is an architectural change involving multiple new tables, MCP tool exposure, schema generation, and documentation updates across 31 files.",3,"The PR was reviewed by three developers with approvals but had significant issues raised by automated bots around nullable fields and markdown formatting, requiring these to be fixed.",deepseek/deepseek-v4-flash:free,2026-05-15T05:32:36.353420
56067,3,parse_error,3,parse_error,deepseek/deepseek-v4-flash:free,2026-05-15T05:32:53.517247
56061,3,"The PR touches seven files and modifies both server and client gRPC code across three components, but the change is a single feature (zstd compression).",2,no explanation provided,deepseek/deepseek-v4-flash:free,2026-05-15T05:33:12.208076
56059,2,"A single file, three-line addition with straightforward logic and minimal complexity",4,"The fix is clean, approved, and passed deployment checks with no rework cycles",deepseek/deepseek-v4-flash:free,2026-05-15T05:33:28.118083
56062,3,"This is a multi-file feature adding timing instrumentation across 4 files, with a new public function and histogram metric.",3,"One reviewer approved, but multiple bot comments requested tests and visibility changes, indicating the PR could benefit from iterations.",deepseek/deepseek-v4-flash:free,2026-05-15T05:33:47.511423
56054,2,...,4,...,deepseek/deepseek-v4-flash:free,2026-05-15T05:34:16.892410
56053,3,"5 file changed with 131 additions and 16 removings, and the change is architectural (refactoring validation to rule-based pattern).",4,no explanation provided,deepseek/deepseek-v4-flash:free,2026-05-15T05:34:20.677495
56052,3,parse_error,3,parse_error,deepseek/deepseek-v4-flash:free,2026-05-15T05:34:20.811309
56050,2,"Clean PR approved first-pass, with a single small change requiring minimal testing.",4,no explanation provided,deepseek/deepseek-v4-flash:free,2026-05-15T05:34:40.991601
56049,2,"Passed human review, but bot comment identified a minor redundant query; not first-pass perfect.",4,no explanation provided,deepseek/deepseek-v4-flash:free,2026-05-15T05:34:50.268270
56051,2,"The change is a single-file, simple prompt hardening to prevent prompt injection attacks.",4,"The PR was approved and deployed to prod without being reverted, though review comments raised security concerns about deterministic enforcement that were addressed but not resolved.",deepseek/deepseek-v4-flash:free,2026-05-15T05:35:13.491648
56046,5,no explanation provided,4,no explanation provided,deepseek/deepseek-v4-flash:free,2026-05-15T05:35:17.528115
56047,2,45 captures the quality as a clean fix with addressed review concerns and pinned test behavior.,4,no explanation provided,deepseek/deepseek-v4-flash:free,2026-05-15T05:35:21.881682
56045,3,The PR ref,3,no explanation provided,deepseek/deepseek-v4-flash:free,2026-05-15T05:35:38.527534
56043,3,parse_error,3,parse_error,deepseek/deepseek-v4-flash:free,2026-05-15T05:35:44.035056
56041,3,PR implements a moderate multi-file feature with architectural considerations for a background loop.,4,"PR was reviewed, includes thorough tests (including mutation tests), and was approved on first review, though inline comments noted P2 issues.",deepseek/deepseek-v4-flash:free,2026-05-15T05:35:48.621971
56040,3,Clean PR with inline naming fix addressed and approval after revisions; lacking test coverage for the timestamp is a minor gap.,4,no explanation provided,deepseek/deepseek-v4-flash:free,2026-05-15T05:36:00.684098
56038,4,"The PR's description is clear with screenshots, testing is thorough, got two approvals, and though the graphite bot flagged a TypeScript duplicate field that was resolved, the overall quality is clean",4,no explanation provided,deepseek/deepseek-v4-flash:free,2026-05-15T05:36:15.186506
56037,3,parse_error,3,parse_error,deepseek/deepseek-v4-flash:free,2026-05-15T05:36:22.225354
56034,2,"This is a single fix that required changes in two files (email.py and test_email.py), with a clear root cause and a well-defined patch that adds a dataclass handler and datetime handling.",4,"The PR is a clean fix after a single revision caught by reviews, with added regression tests and deployment confirmation.",deepseek/deepseek-v4-flash:free,2026-05-15T05:36:26.652419
56029,3,parse_error,3,parse_error,deepseek/deepseek-v4-flash:free,2026-05-15T05:36:43.288456
56042,3,"Single-file PR adding caching, retry, conexecutor, and time filter support to an existing script, with ~221 changes.",3,"Approved but with comments pointing out potential issues (today caching and narrow exception handling), suggesting quality could need minor revisions.",deepseek/deepseek-v4-flash:free,2026-05-15T05:36:56.256836
56025,2,"The PR is clean and approved, not first-pass perfect but still good.",4,no explanation provided,deepseek/deepseek-v4-flash:free,2026-05-15T05:37:24.773810
56028,3,parse_error,3,parse_error,deepseek/deepseek-v4-flash:free,2026-05-15T05:37:36.672231
56023,4,"Multi-file fix with two bug causes, a migration, parameterized tests, and a frontend guard.",4,"Clean fix with thorough testing, but a minor optimization issue exists (reload dictionary 11 times).",deepseek/deepseek-v4-flash:free,2026-05-15T05:37:46.219313
56020,4,The PR is clean and approved with minor review suggestions.,4,no explanation provided,deepseek/deepseek-v4-flash:free,2026-05-15T05:37:54.270362
56019,3,Clean with minor improvements from review.,4,no explanation provided,deepseek/deepseek-v4-flash:free,2026-05-15T05:37:59.410030
56018,4,"Thoroughly tested with automated and manual testing, multiple code review iterations, security considerations and reviewer feedback incorporated.",4,no explanation provided,deepseek/deepseek-v4-flash:free,2026-05-15T05:38:05.451019
56021,2,no explanation provided,5,no explanation provided,deepseek/deepseek-v4-flash:free,2026-05-15T05:38:10.169712
56015,2,"Single-line change in one file, straightforward fix of a permission name.",3,PR description claims docs updated yet none were changed; Copilot also flagged possible contradiction with user-facing copy.,deepseek/deepseek-v4-flash:free,2026-05-15T05:38:10.206430
56012,3,Multi-file feature with new helper function and tests addressing a looping bug in merge-base healing.,4,"Clean with one approved review and minor suggestions for logging and test parametrization, but not reverted and deployed.",deepseek/deepseek-v4-flash:free,2026-05-15T05:38:19.212247
56010,3,4,4,"The PR makes a modest, focused change across 4 CI workflow files to switch telemetry tokens and skip retries, which is straightforward but not trivial; it was approved without additional rework and includes an AI-authored description that clearly explains the rationale.",deepseek/deepseek-v4-flash:free,2026-05-15T05:38:24.316078
56011,3,parse_error,3,parse_error,deepseek/deepseek-v4-flash:free,2026-05-15T05:38:27.993229
56007,2,1 file change with 4 added/removed lines; trivial lockfile-only dependency bump,5,"approved by two reviewers, deployed, and no rework",deepseek/deepseek-v4-flash:free,2026-05-15T05:38:40.747963
56005,3,300000 seconds,4,IT uses 400000 seconds,deepseek/deepseek-v4-flash:free,2026-05-15T05:38:49.782740
56006,4,4,3,no explanation provided,deepseek/deepseek-v4-flash:free,2026-05-15T05:38:53.545502
56001,3,parse_error,3,parse_error,deepseek/deepseek-v4-flash:free,2026-05-15T05:39:13.431133
55999,3,parse_error,3,parse_error,deepseek/deepseek-v4-flash:free,2026-05-15T05:39:24.792413
55998,4,"The PR has two approvals, thoughtful implementation, and inline review comments mostly about potential edge cases rather than serious bugs.",4,no explanation provided,deepseek/deepseek-v4-flash:free,2026-05-15T05:39:53.177599
55996,3,This is a multi-file refactor addressing review comments on a previous PR.,5,The PR was approved by the reviewer and passed the required checks and tests.,deepseek/deepseek-v4-flash:free,2026-05-15T05:39:57.215211
56003,3,parse_error,3,parse_error,deepseek/deepseek-v4-flash:free,2026-05-15T05:39:59.081173
55995,3,parse_error,3,parse_error,deepseek/deepseek-v4-flash:free,2026-05-15T05:40:01.907976
55992,2,"PR was approved, had tests, good description, deployed successfully.",4,no explanation provided,deepseek/deepseek-v4-flash:free,2026-05-15T05:40:18.339520
55994,3,"Modifies 6 files with small changes across JSON, CI workflows, Dockerfile, and .dockerignore.",4,"Two approvals, a security inline comment immediately fixed, no rework cycles, clear description.",deepseek/deepseek-v4-flash:free,2026-05-15T05:40:23.934506
55989,2,Single-file fix after a dependency upgrade that only touched two files,2,Bug was pointed out by bot but not fixed before merging,deepseek/deepseek-v4-flash:free,2026-05-15T05:40:31.421213
55990,4,"The PR was clean and approved, but had some rework cycles (parameterized tests and multi-chunk testing).",4,no explanation provided,deepseek/deepseek-v4-flash:free,2026-05-15T05:40:51.171410
55987,3,"4, because code is clean with unit tests covering both fresh and resume paths, and the PR author successfully addressed all inline review feedback before merging (including bug fixes for stale checkpoint handling and partial-state gating).",4,no explanation provided,deepseek/deepseek-v4-flash:free,2026-05-15T05:40:58.975179
55986,3,"The PR is a cleanup (chore) with a small diff (62 added), but it requires careful handling due to Temporal replay determinism and dependency on a previous PR's rollout, hence moderate complexity.",3,no explanation provided,deepseek/deepseek-v4-flash:free,2026-05-15T05:41:19.322582
55988,3,no explanation provided,4,no explanation provided,deepseek/deepseek-v4-flash:free,2026-05-15T05:41:22.144277
55985,4,no explanation provided,4,no explanation provided,deepseek/deepseek-v4-flash:free,2026-05-15T05:41:23.512568
55983,2,"Comment-only change with thorough rationale, approved without revisions.",4,no explanation provided,deepseek/deepseek-v4-flash:free,2026-05-15T05:41:30.066246
55984,3,parse_error,3,parse_error,deepseek/deepseek-v4-flash:free,2026-05-15T05:42:13.420130
55982,3,"The PR changes 9 files and adds 561 lines, adding typed serializers and generated TypeScript client, requiring moderate coordination.",4,"The PR received approval without required revisions, was deployed to production, and had minimal size impact, aside from one review note on sparkline shape mismatch.",deepseek/deepseek-v4-flash:free,2026-05-15T05:42:19.344106
55981,3,parse_error,3,parse_error,deepseek/deepseek-v4-flash:free,2026-05-15T05:43:15.370540
55979,5,The feature adds a moving average overlay to the D3 chart; it touches two files and includes a deferred part for confidence intervals so it's moderate,5,"The code is well-written, tested, and after addressing bot review concerns with follow-up fixes it is solid",deepseek/deepseek-v4-flash:free,2026-05-15T05:43:20.635634
55980,1,"PR is a one-file doc change to a skill file, adding a short callout and a SQL snippet—trivial documentation update.",4,"The PR was prompted by a real incident, approved by a human reviewer, deployed successfully, and only has a minor unresolved bot comment about a placement note for the SQL snippet.",deepseek/deepseek-v4-flash:free,2026-05-15T05:43:24.264379
55976,3,"The PR adds a new lint script with 3 file changes, but is not a major architectural change.",3,The PR was approved but has inline comments from bot suggesting minor improvements (encoding and reporting).,deepseek/deepseek-v4-flash:free,2026-05-15T05:44:16.979922
55977,3,"4 files changed, 2 minor feature logic changes and snapshot hash updates, with a CSS container query and menu toggle.",3,no explanation provided,deepseek/deepseek-v4-flash:free,2026-05-15T05:44:28.152467
55974,4,Resumable source wiring and paginator state management.,4,no explanation provided,deepseek/deepseek-v4-flash:free,2026-05-15T05:44:38.368643
55970,2,"The `quality_score` is 4, `quality_rationale` is one sentence.",4,"The PR is approved and deployed, with only a minor test suggestion.",deepseek/deepseek-v4-flash:free,2026-05-15T05:45:37.116329
55975,3,Single-file fix connecting base currency and deriving currency symbol.,4,Approved on first pass without rework.,deepseek/deepseek-v4-flash:free,2026-05-15T05:45:53.717479
55969,3,"The review feedback points out a potential regression (popover dismissal state handling), but the PR is mostly clean and well-described, includes storybook coverage and testing steps, so 4 close to perfect with one concern.",4,no explanation provided,deepseek/deepseek-v4-flash:free,2026-05-15T05:46:14.484466
55962,3,parse_error,3,parse_error,deepseek/deepseek-v4-flash:free,2026-05-15T05:46:27.378852
55961,3,"Clean PR with minor naming suggestion addressed, inline comments for improvement, not reverted.",4,no explanation provided,deepseek/deepseek-v4-flash:free,2026-05-15T05:46:41.966964
55956,3,parse_error,3,parse_error,deepseek/deepseek-v4-flash:free,2026-05-15T05:46:46.772010
55955,4,"Multi-file feature touching backend model, frontend wizard, and MCP codegen with a new inject_body tool.",4,"Multi-purpose with thorough testing, multiple approvals, and successful clean deployment after responding well to review feedback.",deepseek/deepseek-v4-flash:free,2026-05-15T05:47:43.992380
55954,3,parse_error,3,parse_error,deepseek/deepseek-v4-flash:free,2026-05-15T05:47:56.173025
55958,3,"Multi-file feature involving changes to scrub, avro, consumer, tests",3,"2-3 revisions indicated by multiple inline comments covering test coverage, mutable singleton, and counter logic",deepseek/deepseek-v4-flash:free,2026-05-15T05:48:16.425343
55952,3,"Multi-file bug fix: one production code change and one test file, addressing a cascade problem with soft-deleted rows.",4,"PR is clean: clear root cause, concise fix, correct regression test, and author accurately addressed a review concern.",deepseek/deepseek-v4-flash:free,2026-05-15T05:48:20.193649
55951,3,The PR is an architectural refactor that separates out base query classes across 5 files with 878+ changes.,4,"The PR has an approval, tests pass, deployment succeeds, with only minor inline suggestions for code improvement.",deepseek/deepseek-v4-flash:free,2026-05-15T05:48:24.654445
55953,3,parse_error,3,parse_error,deepseek/deepseek-v4-flash:free,2026-05-15T05:48:53.433297
55948,5,"The PR raised 16 reviewed inline issues including critical bugs (e.g., telemetry aborting pipeline, consent bypass, retry safety) and was re-reviewed several times before approval.",3,no explanation provided,deepseek/deepseek-v4-flash:free,2026-05-15T05:48:57.977338
55947,3,parse_error,3,parse_error,deepseek/deepseek-v4-flash:free,2026-05-15T05:49:03.452344
55943,3,no explanation provided,4,"Clean with good tests, no rework cycles, one review comments resolved, approved and deployed.",deepseek/deepseek-v4-flash:free,2026-05-15T05:49:23.109053
55942,2,Simple UI fix on two files.,4,Clean PR with all issues addressed and approved.,deepseek/deepseek-v4-flash:free,2026-05-15T05:49:28.568984
55936,2,The PR is a single-file bug fix with three-line change to forward hidden state.,4,"The fix is clean, tested, approved, and not reverted.",deepseek/deepseek-v4-flash:free,2026-05-15T05:50:06.447739
55939,3,no explanation provided,3,no explanation provided,deepseek/deepseek-v4-flash:free,2026-05-15T05:50:16.443803
55934,3,parse_error,3,parse_error,deepseek/deepseek-v4-flash:free,2026-05-15T05:50:21.506792
55935,4,Multiple reviews found issues but PR was revised to fix them.,4,no explanation provided,deepseek/deepseek-v4-flash:free,2026-05-15T05:50:47.888788
55931,4,"The change is architectural: replacing SMTP with Mailgun REST API, adding 425 lines and 6 files, with new error handling and test refactor.",4,"The quality is 4: clean implementation with good test coverage, but the bot only noted minor duplications and tests style, no human reviewer drawback.",deepseek/deepseek-v4-flash:free,2026-05-15T05:50:51.419441
55929,3,Multi-file fix involves new logical detection and aggregate fix beyond trivial.,4,"Reviewed by developer and approved, tested, but a minor inconsistency found at review time.",deepseek/deepseek-v4-flash:free,2026-05-15T05:50:59.256670
55933,3,"Two review comments addressed before merge, PR deployed successfully.",4,no explanation provided,deepseek/deepseek-v4-flash:free,2026-05-15T05:51:01.878012
55926,3,Correct2,4,reviewesuggest,deepseek/deepseek-v4-flash:free,2026-05-15T05:51:05.214972
55923,3,"The PR is 6-file architectural refactor of a shared tooltip system, but it is not a major new feature.",3,"The PR had automated code and required multiple follow-up revisions to address several bugs, and lacks a human reviewer approval.",deepseek/deepseek-v4-flash:free,2026-05-15T05:51:13.276066
55921,3,The complexity is 3,4,The quality is 4,deepseek/deepseek-v4-flash:free,2026-05-15T05:51:26.337423
55920,2,"The PR was approved with no reverted, no revisions, and is a first-pass perfect solution with thorough testing scenarios.",5,no explanation provided,deepseek/deepseek-v4-flash:free,2026-05-15T05:51:39.908277
55918,1,"Single-file typo fix, trivial change.",5,"One-file typo correction, cleanly approved on first pass.",deepseek/deepseek-v4-flash:free,2026-05-15T05:51:45.590640
55916,3,"Multi-file feature touching schema, types, frontend logic, and a feature flag, consistent with other insight types.",4,"Clean and straightforward implementation, reviewed and approved, with minimal revisions.",deepseek/deepseek-v4-flash:free,2026-05-15T05:51:52.354086
55925,2,"This is a single-file, single-function change that adds error observability.",4,"The code passed code review and was deployed without revisions; only one minor concern was noted and acknowledged, but not adopted.",deepseek/deepseek-v4-flash:free,2026-05-15T05:52:00.417001
55912,3,Multi-file change with test coverage.,4,Clean with one approval and tests.,deepseek/deepseek-v4-flash:free,2026-05-15T05:52:07.511577
55913,3,"The PR adds a feature flag, schema changes, and a filter-handling refactor that affects all users, making it a multi-file feature.",4,"The PR was not reverted, received approval, was deployed, and the refactor likely a bug fix, making quality good",deepseek/deepseek-v4-flash:free,2026-05-15T05:52:08.815268
55911,3,"Approved review with suggestions, approach clean, tests added",4,no explanation provided,deepseek/deepseek-v4-flash:free,2026-05-15T05:52:18.235693
55910,5,"The review identified a contradictory example in a skill document and a missing test assertion, indicating the PR required revisions and had pre-merged preparatory changes.",4,"The PR has two human approvals and a constructive automated review, but the minor inconsistencies suggest it was clean but not first-pass perfect.",deepseek/deepseek-v4-flash:free,2026-05-15T05:52:19.004880
55908,3,"This PR removes redundant param_overrides across 5 files, moderately complex.",3,"The PR is clean but a review found a possible bug, so the quality is average.",deepseek/deepseek-v4-flash:free,2026-05-15T05:52:24.425110
55907,2,The fix was a single one (completed),3,quickly was a single end,deepseek/deepseek-v4-flash:free,2026-05-15T05:52:24.833819
55905,4,"The PR involves an architectural multi-file fix (four files) with ref-based event listener registration, removal of setTimeout, adding cleanup effects, scoping sentinel ref.",3,"The PR is approved by pauldambra but Greptile pointed out a unintended bug in Navigation (cleanup fires on every sidePanelOpen toggle, not only on unmount), indicating a nuance that makes the PR less than fully clean.",deepseek/deepseek-v4-flash:free,2026-05-15T05:52:34.534293
55903,3,no explanation provided,4,no explanation provided,deepseek/deepseek-v4-flash:free,2026-05-15T05:52:48.582480
55904,2,multiple files,4,single file,deepseek/deepseek-v4-flash:free,2026-05-15T05:52:48.614420
55901,3,"Quality: 4, clean, but minor comments.",4,Clean but minor comments.,deepseek/deepseek-v4-flash:free,2026-05-15T05:52:55.205863
55898,3,"Multi-file feature requiring workflow changes, a new signal, and five files modified (613 additions).",4,Clean PR with a human approval; minor defensive code comments but no rework cycles.,deepseek/deepseek-v4-flash:free,2026-05-15T05:53:00.924470
55897,1,"This PR is a documentation-only update to one file (a SKILL.md), adding table entries and editing text.",5,"The PR was approved without any revisions, is first-pass perfect, and has no rework cycles.",deepseek/deepseek-v4-flash:free,2026-05-15T05:53:08.563015
55894,3,parse_error,3,parse_error,deepseek/deepseek-v4-flash:free,2026-05-15T05:53:11.919971
55892,3,parse_error,3,parse_error,deepseek/deepseek-v4-flash:free,2026-05-15T05:53:15.571825
55900,4,Multi-file feature with a new 'start' action and extensive testing.,4,"Added many tests and removed fragile dependencies, but has reviews with P1/P2 issues to address.",deepseek/deepseek-v4-flash:free,2026-05-15T05:53:39.427823
55888,2,"The PR is a single, targeted fix for a bug in the ingestion normalizer, touching only two files with a dedicated normalization function and tests.",4,"The PR author incorporated all reviewer feedback, produced a well-tested fix with parameterized test coverage, and was approved after addressing inline comments.",deepseek/deepseek-v4-flash:free,2026-05-15T05:53:50.392249
55887,2,Single-file UI cosmetic change with no logic or API modifications.,5,"First-pass perfect with no revisions, approved, and deployed cleanly.",deepseek/deepseek-v4-flash:free,2026-05-15T05:54:02.481156
55885,1,"The PR was approved quickly and the automated Greptile review identified two minor stale version references in prose text; otherwise it was clean, but the author did not test the documentation update manually.",4,no explanation provided,deepseek/deepseek-v4-flash:free,2026-05-15T05:54:08.220047
55891,3,"Multi-file feature (6 files, 25 changes) but straightforward function swap",4,"Clean PR, two approvals, one bot comment about snapshots was resolved by CI",deepseek/deepseek-v4-flash:free,2026-05-15T05:54:10.650364
55884,1,Trivial change: adds two SLO entries in one file.,4,"Clean addition with well-described changes, linked to related PRs, tested, and approved.",deepseek/deepseek-v4-flash:free,2026-05-15T05:54:12.223391
55883,4,"The PR description indicates a significant rework from sparkline to state timeline, involving both backend and frontend changes, and the review indicates a potential P1 issue (N+1 query) and P2 issues (stalid constant name, independent CSS/JS computations), but the PR was approved by a human reviewer.",4,no explanation provided,deepseek/deepseek-v4-flash:free,2026-05-15T05:54:21.652482
55874,1,Removing an unused block in a single file.,5,"First-pass perfect removal with clear rationale, three approvals, and no issues.",deepseek/deepseek-v4-flash:free,2026-05-15T05:54:25.296623
55873,4,"This is an architectural change that involves across multiple files on front-end, back-end, admin UI, and webhook handling, as well as a migration that drops a database column.",3,"The PR was reviewed and noted by multiple bots, including flagged concerns about the migration deployment order and double exception capture that may require revisions, but no reverts.",deepseek/deepseek-v4-flash:free,2026-05-15T05:54:28.962882
55881,3,...,4,...,deepseek/deepseek-v4-flash:free,2026-05-15T05:55:05.751280
55870,3,"the review suggests the PR is a multi-file feature with architectural changes to the backend audit pipeline, structured issues, and a frontend UI column.",5,no explanation provided,deepseek/deepseek-v4-flash:free,2026-05-15T05:55:19.355166
55867,2,"The PR is a revert of two prior PRs, removing code (22 added, 1880 removed) to restore a broken livestream feature.",4,The revert is clean (no new code introduced) with a clear summary and test plan to verify the fix.,deepseek/deepseek-v4-flash:free,2026-05-15T05:55:24.432017
55865,3,Single file change but involves CI workflow logic to prevent a class of bugs,4,"Initially used @latest, then fixed to pinned version after reviews; one revision needed",deepseek/deepseek-v4-flash:free,2026-05-15T05:55:30.398632
55872,3,parse_error,3,parse_error,deepseek/deepseek-v4-flash:free,2026-05-15T05:55:53.797854
55863,3,parse_error,3,parse_error,deepseek/deepseek-v4-flash:free,2026-05-15T05:55:54.062202
55861,3,parse_error,3,parse_error,deepseek/deepseek-v4-flash:free,2026-05-15T05:56:02.055998
55851,3,"The PR involves changes across 10 files spanning frontend UI, logic, backend serializer, backend logic, and tests, making it a multi-file moderate feature.",4,"The PR includes tests and was approved by a reviewer with no reverted status. However, the review had one constructive suggestion about test parameterization, but the overall quality is good.",deepseek/deepseek-v4-flash:free,2026-05-15T05:56:11.458951
55847,3,"Changes span 2 files, add a helper, and fix a bug",4,"Reviews: 1 approve, no revert, no iteration",deepseek/deepseek-v4-flash:free,2026-05-15T05:56:18.177074
55846,4,"Multi-file bug fix requiring careful restructuring of three code paths, token scope handling, and addressing a security escalation discovered during review.",3,"Good test coverage and review feedback addressed, but required multiple rework cycles after initial submission and reviews.",deepseek/deepseek-v4-flash:free,2026-05-15T05:56:31.641777
55852,3,parse_error,3,parse_error,deepseek/deepseek-v4-flash:free,2026-05-15T05:56:34.491269
55843,3,"Multi-file feature, 3 files changed with test updates, but purely additive and isolated to one component.",4,"Clean with one approved review and deployed to production, no rework cycles.",deepseek/deepseek-v4-flash:free,2026-05-15T05:56:43.823058
55842,2,Single fix that adds a config option and modifies existing code in two files.,4,"Clean PR with clear problem, changes, and testing strategy, approved and deployed.",deepseek/deepseek-v4-flash:free,2026-05-15T05:56:47.911453
55841,3,no explanation provided,3,no explanation provided,deepseek/deepseek-v4-flash:free,2026-05-15T05:57:03.839492
55844,3,parse_error,3,parse_error,deepseek/deepseek-v4-flash:free,2026-05-15T05:57:34.843080
55840,2,"Deployment succeeded across all environments without rework, and the PR was approved on first submission.",4,no explanation provided,deepseek/deepseek-v4-flash:free,2026-05-15T05:57:41.961255
55838,2,"Approved, no rework, clean, but testing is not documented formally.",4,no explanation provided,deepseek/deepseek-v4-flash:free,2026-05-15T05:57:47.394662
55837,3,The PR is approved and deployed with minor review suggestions remaining.,4,no explanation provided,deepseek/deepseek-v4-flash:free,2026-05-15T05:57:56.662833
55836,2,Single-line conditional change to hide a useless toggle on a specific tab.,5,"First-pass perfect with no rework, all tests pass, approved by bots.",deepseek/deepseek-v4-flash:free,2026-05-15T05:58:07.161670
55833,5,"The PR is approved without further revision cycles, has excellent test coverage, and is deployed; a minor naming issue doesn't degrade overall quality.",4,no explanation provided,deepseek/deepseek-v4-flash:free,2026-05-15T05:58:11.288066
55835,3,parse_error,3,parse_error,deepseek/deepseek-v4-flash:free,2026-05-15T05:58:22.154627
55831,2,"Clean, well-reviewed change with minor suggestions, all handled.",4,no explanation provided,deepseek/deepseek-v4-flash:free,2026-05-15T05:58:25.835413
55830,2,A single fix applied across multiple workflow files.,1,Reverted after only one discussion thread without rework rounds.,deepseek/deepseek-v4-flash:free,2026-05-15T05:58:31.209159
55824,2,"The PR is a single-file, self-contained fix for latency spikes.",4,"The PR was approved by a reviewer and deployed, but had an inline review suggesting a minor timer improvement.",deepseek/deepseek-v4-flash:free,2026-05-15T05:58:38.860991
55832,4,"Multi-file architectural change with new security functions across toolbar config logic, app, index, and testing files",4,"Approved with 20+ unit tests covering security validation, regression, and sanitization, not reverted",deepseek/deepseek-v4-flash:free,2026-05-15T05:58:40.294076
55821,3,Initial reviews flagged TOCTOU issues which were promptly fixed before deployment.,4,no explanation provided,deepseek/deepseek-v4-flash:free,2026-05-15T05:58:47.297119
55818,4,"The PR involves architectural changes requiring careful new code page transformations, codec configuration, and test infrastructure.",4,"The code is correct and tested, though there were some code reviews comments that led to rework, but not to revering.",deepseek/deepseek-v4-flash:free,2026-05-15T05:58:50.049055
55822,3,"The PR spans 8 files, introduces a new parameter to pass a release across inject and upload functions, and touches multiple modules to fix a race condition",4,"The PR was approved directly, deployed cleanly without issues, and includes thorough testing with cargo check, cargo tests, and a manual backend test",deepseek/deepseek-v4-flash:free,2026-05-15T05:58:52.517270
55817,3,parse_error,3,parse_error,deepseek/deepseek-v4-flash:free,2026-05-15T05:58:55.576670
55816,4,"Architectural change replacing Zapier with direct integrations, adding PandaDoc client, Slack integration, webhook, migrations, cloud gating, and frontend changes across 32 files.",2,"Several critical bugs identified (AttributeError, migration safety violations) and approved with known issues.",deepseek/deepseek-v4-flash:free,2026-05-15T05:58:59.127351
55815,2,no explanation provided,3,no explanation provided,deepseek/deepseek-v4-flash:free,2026-05-15T05:58:59.485915
55814,4,"This is a multi-file feature adding per-file CRUD endpoints with serializers, error handling, MCP tool schemas, and 214 lines of tests.",4,"The PR went through a thorough human code review that flagged six issues, all addressed cleanly, and bot reviews flagged and fixed; final approval given.",deepseek/deepseek-v4-flash:free,2026-05-15T05:59:06.538923
55812,3,The PR was approved and deployed with no rework cycles needed.,4,no explanation provided,deepseek/deepseek-v4-flash:free,2026-05-15T05:59:13.118504
55811,3,parse_error,3,parse_error,deepseek/deepseek-v4-flash:free,2026-05-15T05:59:16.587571
55808,2,"The PR is clean with one revision due to a minor naming issue pointed out in review, but no rework cycles or major issues.",4,no explanation provided,deepseek/deepseek-v4-flash:free,2026-05-15T05:59:27.543340
55807,4,"This is a 17-file, 495-line addition introducing new team-based dual-write modes and env vars, which is architectural.",3,Human review LGTM but bot found two moderate issues (empty denylist check and parseInt truncation).,deepseek/deepseek-v4-flash:free,2026-05-15T05:59:38.613524
55810,5,no explanation provided,5,no explanation provided,deepseek/deepseek-v4-flash:free,2026-05-15T05:59:53.855716
55804,1,no explanation provided,4,no explanation provided,deepseek/deepseek-v4-flash:free,2026-05-15T06:00:04.880809
55805,2,Single-focus UI fix — adds a size prop and two call sites.,5,First-pass perfect with approval and test plan.,deepseek/deepseek-v4-flash:free,2026-05-15T06:00:16.027444
55801,3,"Multi-file feature touching serializer, prefetch, and tests, but not architectural.",3,Non-first-pass: required 2-3 revisions due to silent TOTP behavior change and missing combined test case.,deepseek/deepseek-v4-flash:free,2026-05-15T06:00:32.117379
55796,1,1,4,4,deepseek/deepseek-v4-flash:free,2026-05-15T06:00:35.435802
55795,3,Clean PR with one approval and some inline but no rework cycles.,4,no explanation provided,deepseek/deepseek-v4-flash:free,2026-05-15T06:00:56.238340
55793,3,"Changes are in one file (.github/workflows/codeql.yml) but involve multiple config adjustments (runner, timeout, conunting, upload) with some architectural reasoning.",4,"PR was approved by Piccirello with positive feedback, though webjunkie cost comment prompted an adjustment, but overall clean and well-justified.",deepseek/deepseek-v4-flash:free,2026-05-15T06:01:15.269323
55802,3,parse_error,3,parse_error,deepseek/deepseek-v4-flash:free,2026-05-15T06:01:15.528263
55790,3,Multi-file documentation with agent-specific conventions.,4,Approved after reviewer raised maintenance concerns but no significant rework cycles.,deepseek/deepseek-v4-flash:free,2026-05-15T06:01:25.751431
55788,3,"This is a multi-file feature restructuring from individual outputs to a producer registry pattern, but not architectural.",4,The PR was clean with only one minor inline issue and no revert.,deepseek/deepseek-v4-flash:free,2026-05-15T06:01:44.790125
55787,3,parse_error,3,parse_error,deepseek/deepseek-v4-flash:free,2026-05-15T06:01:50.627987
55791,3,This is a multi-file feature that adds a new SLO operation and modifies a serializer method.,4,The PR is clean and had only one reviewer approval with no rework cycles.,deepseek/deepseek-v4-flash:free,2026-05-15T06:02:06.531757
55785,4,"PR approved but has a critical unresolved bug causing data mismatch for property-removal requests, also test structure criticized.",2,no explanation provided,deepseek/deepseek-v4-flash:free,2026-05-15T06:02:22.610962
55784,3,"Tests exist, two reviewers commented with one approval, and the author addressed inline feedback, though a few monitoring metrics comments remain.",4,no explanation provided,deepseek/deepseek-v4-flash:free,2026-05-15T06:02:26.584667
55786,2,Single-line change to a router push in AddSourceStep.tsx,4,"Clean change, aligned with existing pattern, approved on first pass",deepseek/deepseek-v4-flash:free,2026-05-15T06:02:44.916598
55783,3,"The feature spans 7 files across SQL schema changes, backend logic, and frontend UI, making it a moderate multi-file feature, but not architectural.",3,"The PR is approved with a P0 bug in the backend logic (status_code expansion never applied), so it's clean but not first-pass perfect.",deepseek/deepseek-v4-flash:free,2026-05-15T06:02:51.411095
55782,3,Multi-file feature that adds a new flag constant and moves flag check from backend to frontend.,3,"Approved and deployed, but missing frontend tests for the flag-gating logic as noted by bot review.",deepseek/deepseek-v4-flash:free,2026-05-15T06:03:38.923347
55780,3,parse_error,3,parse_error,deepseek/deepseek-v4-flash:free,2026-05-15T06:03:46.468672
55779,4,no explanation provided,4,no explanation provided,deepseek/deepseek-v4-flash:free,2026-05-15T06:03:56.394868
55778,2,3,3,"The review suggests the fix should be moved to a better file, so it needed revisions.",deepseek/deepseek-v4-flash:free,2026-05-15T06:04:01.250982
55775,1,"The change is a simple remove and toggle across 4 files, it's trivial to implement.",4,"The PR is well-described, has a clear problem explanation, tested in local dev, and approved quickly, it's clean.",deepseek/deepseek-v4-flash:free,2026-05-15T06:04:16.305768
55773,3,no explanation provided,4,no explanation provided,deepseek/deepseek-v4-flash:free,2026-05-15T06:04:30.353091
55772,2,"Moderate complexity — two-file change fixing a PID 1 signal handling bug and adding Celery configuration, not a major architectural change.",4,"Good quality — well-documented, tested locally, reviewed by multiple reviewers, and deployed successfully with a smoke test pass and no reverted/rework sign in the PR.",deepseek/deepseek-v4-flash:free,2026-05-15T06:04:33.854972
55774,2,Adding a single static icon file is a trivial change.,4,"The PR was accepted with only one minor approval, no code changes, and no rework needed.",deepseek/deepseek-v4-flash:free,2026-05-15T06:04:40.469903
55770,2,Single-file fix with 7-line change addressing a root cause discovered through debugging.,4,"Clean patch with thorough investigation, end-to-end validation, and minimal rework cycles.",deepseek/deepseek-v4-flash:free,2026-05-15T06:04:50.958135
55769,2,PR only removes an unused parameter from one file.,5,PR was approved with no revisions and tests pass.,deepseek/deepseek-v4-flash:free,2026-05-15T06:04:56.826546
55771,2,A small refactor centralized jitter values and adjusted them downward; multi-file but straightforward.,4,"Clean with tests updated; only one review cycle, approved.",deepseek/deepseek-v4-flash:free,2026-05-15T06:05:23.517219
55766,2,The fix is a simple single-file logic change with a test addition.,5,"The PR was already approved and deployed, with a targeted test ensuring the fix works.",deepseek/deepseek-v4-flash:free,2026-05-15T06:05:40.702466
55765,3,"Multi-file feature (12 files, 199 additions) adding a new UI view for actors data",4,"Clean but minor issues noted in review (key usage, naming)",deepseek/deepseek-v4-flash:free,2026-05-15T06:05:46.010568
55767,3,"Multi-file feature with a new model, migration, and DB constraints.",3,Implementation appears mostly correct but has several inline review comments pointing to rework cycles.,deepseek/deepseek-v4-flash:free,2026-05-15T06:05:50.071576
55764,4,"4, because the PR is an architectural frontend change connecting the editor to a real-time SSE stream with cursor presence, spanning 7 files.",3,"3, because the PR was approved with some nits and inline feedback that were addressed, but it had several reviews and some rework.",deepseek/deepseek-v4-flash:free,2026-05-15T06:05:58.903777
55761,3,"A multi-file feature with 7 files changed, adding 126 lines; introduces a new concept (transient error classification) but no architectural change.",4,"Approved by reviewer, has new tests, no reverts, but has a minor automated comment suggesting a test improvement.",deepseek/deepseek-v4-flash:free,2026-05-15T06:06:01.928607
55762,3,parse_error,3,parse_error,deepseek/deepseek-v4-flash:free,2026-05-15T06:06:41.095650
55758,1,5,4,no explanation provided,deepseek/deepseek-v4-flash:free,2026-05-15T06:06:42.928497
55757,3,"Multi-file feature with mid-batch shutdown mechanism, config change, and test suite.",3,"Has a P1 bug (offset store) and test missing assertion, but generally clean and tested.",deepseek/deepseek-v4-flash:free,2026-05-15T06:07:01.900956
55755,4,"Multi-file changes (6 files) involving backend views, tests, frontend consent redesign, and architectural fix for PKCE consent bypass.",4,Had multiple review cycles but all critical issues were resolved before approval and final merged.,deepseek/deepseek-v4-flash:free,2026-05-15T06:07:14.017231
55752,4,40,4,"One human approval with minor nits, author addressed inline comments; quality is solid but not first-pass perfect.",deepseek/deepseek-v4-flash:free,2026-05-15T06:07:19.396105
55756,4,"The PR introduces new page-based alert scenes, routing changes, shared utilities, URL fixes, and test updates, across 18 files, with 1266 additions and 348 removals, making it a multi-file feature with architectural changes.",4,no explanation provided,deepseek/deepseek-v4-flash:free,2026-05-15T06:07:21.345101
55751,2,"Single-file addition of a path-filtered dispatch step, straightforward and low complexity.",4,"Approved by two reviewers, no reverted or broken, clean change with successful deployments.",deepseek/deepseek-v4-flash:free,2026-05-15T06:07:23.171968
55749,3,parse_error,3,parse_error,deepseek/deepseek-v4-flash:free,2026-05-15T06:07:48.165356
55747,3,"A single fix across two files with a clear test, moderately complex because of the delicate edge case and defensive handling.",4,One approval from dmarticus and thorough author response to the bot's error path concern.,deepseek/deepseek-v4-flash:free,2026-05-15T06:08:33.732804
55746,3,Multi-file dependency bump for five package files and a lock file spanning a large version jump with 33 versions.,5,"First-pass clean with full test suite passing, reviewer approval, and no manual changes besides version bumps and lock regeneration.",deepseek/deepseek-v4-flash:free,2026-05-15T06:08:43.876050
55748,3,"Multi-file feature adding signal schema, enum, and tests for endpoint execution failure.",3,"Two unresolved suggestions from bot, some comments may not be addressed.",deepseek/deepseek-v4-flash:free,2026-05-15T06:08:45.101705
55744,3,parse_error,3,parse_error,deepseek/deepseek-v4-flash:free,2026-05-15T06:08:48.749362
55740,5,The fix touches two files with 153 additions and introduces a new helper function.,4,The PR was approved by one reviewer with a minor test suggestion but deployed.,deepseek/deepseek-v4-flash:free,2026-05-15T06:08:58.738991
55738,3,parse_error,3,parse_error,deepseek/deepseek-v4-flash:free,2026-05-15T06:09:02.551069
55736,3,Multi-file feature with 13 added and 32 removed changes.,4,Third PR revision with clean changes and added test,deepseek/deepseek-v4-flash:free,2026-05-15T06:09:13.993269
55741,2,Single fix addressing a bug in series mismatch handling for materialized insight endpoints,4,"Clean code with tests, approved by one reviewer, deployed successfully, but with minor suggestions for test improvements",deepseek/deepseek-v4-flash:free,2026-05-15T06:09:38.865245
55734,3,parse_error,3,parse_error,deepseek/deepseek-v4-flash:free,2026-05-15T06:10:07.721089
55735,3,parse_error,3,parse_error,deepseek/deepseek-v4-flash:free,2026-05-15T06:10:17.888550
55730,4,"Multiple security issues required rework cycles (zip slip, path traversal bypass).",3,no explanation provided,deepseek/deepseek-v4-flash:free,2026-05-15T06:10:23.267395
55729,4,"Additive feature that required extensive implementation touching multiple areas (serializer, service layer, test expansion, schema regeneration) following an architectural pattern established in an earlier PR.",3,"Two rounds of human review after automated reviews, with rework cycles addressing found issues. A parameterization and clean-up to an acceptable pattern occurred before approval. Not first-pass perfect, but substantive.",deepseek/deepseek-v4-flash:free,2026-05-15T06:10:45.875128
55731,3,The PR is a multi-file removal of legacy app metrics across both frontend and backend.,4,"The PR was clean, with two approvals and only one minor inline comment about category not in output schema.",deepseek/deepseek-v4-flash:free,2026-05-15T06:11:11.770757
55728,4,no explanation provided,3,no explanation provided,deepseek/deepseek-v4-flash:free,2026-05-15T06:11:23.943320
55727,3,parse_error,3,parse_error,deepseek/deepseek-v4-flash:free,2026-05-15T06:12:04.893287
55724,4,"Architectural change: replaces an hourly cron with per-team Temporal schedules plus a reconciler, touching many files (back-end, front-end, CI pipelines).",4,"Clean overall: multiple reviewers including a security bot found issues, which were addressed; not first-pass perfect, but two approvals.",deepseek/deepseek-v4-flash:free,2026-05-15T06:12:08.659151
55723,3,parse_error,3,parse_error,deepseek/deepseek-v4-flash:free,2026-05-15T06:12:16.516693
55725,3,parse_error,3,parse_error,deepseek/deepseek-v4-flash:free,2026-05-15T06:12:20.574886
55720,2,The PR is a single-file fix (adding a flatten function and updating tests) to handle a specific bug in filter groups.,4,"The PR was approved by a reviewer, has adequate test coverage, and addresses a bug effectively, though a minor suggestion for test structure was noted but is not a blocker.",deepseek/deepseek-v4-flash:free,2026-05-15T06:12:21.128616
55719,2,"Reverted is False, changes are 52 added and 5 removed, with 1 file modified, no production code impact.",4,"The PR is approved, review comments addressed, and changes are purely additive to an eval/test file with no production code impact.",deepseek/deepseek-v4-flash:free,2026-05-15T06:12:25.840678
55715,2,"Single file, single fix: adding headers to align with existing pattern.",4,"Clean: no rework cycles, one reviewer approval, but lacks testing by author.",deepseek/deepseek-v4-flash:free,2026-05-15T06:12:32.466372
55714,2,Single fix across two files to skip redundant ContextMenu wrapper in dropdown links,3,"Clean, approved, bundle size reduction, but agent authored and no manual verification",deepseek/deepseek-v4-flash:free,2026-05-15T06:12:52.932999
55706,3,"The PR involves a multi-file feature (two files, 119 additions) implementing a new retry mechanism for a specific error condition, but it is not architectural or a major feature.",4,"The PR is clean with unit tests, was approved, and has no rework cycles, though a bot flagged minor issues about double-logging and a test comment.",deepseek/deepseek-v4-flash:free,2026-05-15T06:13:11.408844
55716,3,Clean refactor with tests addressing minor comments; only trivial dead code and defensive raise feedback.,4,no explanation provided,deepseek/deepseek-v4-flash:free,2026-05-15T06:13:16.189631
55704,2,"Time limit, but quality is clean and reviewer approved, though lack of testing noted.",4,no explanation provided,deepseek/deepseek-v4-flash:free,2026-05-15T06:13:16.522419
55703,1,This is a trivial null-safety fix involving a single interface change and optional ch.,5,"The fix is clean, first-pass with approval and includes deployment to production.",deepseek/deepseek-v4-flash:free,2026-05-15T06:13:19.672084
55698,2,"Reviews called for improvement and were fixed, but the PR reverted and had issues",3,no explanation provided,deepseek/deepseek-v4-flash:free,2026-05-15T06:13:29.523906
55697,3,"Multi-file change with refactor of notification logic and addition of enum value, but not architectural.",4,"Clean, focused fix with approved review, but a bot comment flagged a potential KeyError requiring a minor follow-up fix in metrics.py.",deepseek/deepseek-v4-flash:free,2026-05-15T06:13:34.215754
55695,2,"A single fix to ignore viz markup when query runners look for queries, requires 8 files.",5,"The PR addresses an error for a key user, has a single clean change, adds a test, and got approval and deployment quickly.",deepseek/deepseek-v4-flash:free,2026-05-15T06:13:45.792990
55694,2,"Clean PR with addressed review feedback, approved, not reverted, only one inline comment resolved before merge.",4,no explanation provided,deepseek/deepseek-v4-flash:free,2026-05-15T06:13:49.548655
55699,2,no explanation provided,4,500,deepseek/deepseek-v4-flash:free,2026-05-15T06:13:50.028793
55685,1,no explanation provided,4,no explanation provided,deepseek/deepseek-v4-flash:free,2026-05-15T06:14:19.599424
55687,3,no explanation provided,3,no explanation provided,deepseek/deepseek-v4-flash:free,2026-05-15T06:14:42.103344
55684,3,"The changes are multi-file with 127 added lines and touch the interface, gate check, and flattening logic.",4,"The PR is clean with 91 tests passing, an approved review, and a follow-up fix addressed inline.",deepseek/deepseek-v4-flash:free,2026-05-15T06:14:53.639490
55681,4,"The PR touches two files, adds unit tests with mocking, and modifies the error-handling logic in the frontend to surface backend errors and capture exceptions, which is an architectural-level change within a playground feature.",4,"The PR has a clear description, an approved review, and the author immediately addressed a valid test fix raised by an automated review.",deepseek/deepseek-v4-flash:free,2026-05-15T06:15:01.504205
55680,2,"This is a clean, approved change with clear exception handling improvements and reasonable test updates.",4,no explanation provided,deepseek/deepseek-v4-flash:free,2026-05-15T06:15:04.957826
55683,3,Multi-file frontend feature with CSS and JS changes requiring type safety handling.,4,"Clean, well-described, approved, and deployed successfully with snapshot updates.",deepseek/deepseek-v4-flash:free,2026-05-15T06:15:07.268628
55678,1,1,5,First-pass perfect,deepseek/deepseek-v4-flash:free,2026-05-15T06:15:16.070704
55679,3,"The PR is clean, the code works, and the test shows that, but there's a suggestion from the bot to improve the test.",4,no explanation provided,deepseek/deepseek-v4-flash:free,2026-05-15T06:15:26.668367
55674,3,"Multi-file feature spanning backend and frontend (6 files, 112 added lines) but not architectural.",3,"PR had multiple inline review comments including a P1 about bypassing the HogFunction service layer, indicating it wasn't first-pass perfect.",deepseek/deepseek-v4-flash:free,2026-05-15T06:15:33.553842
55668,1,Only a trivial UI style change in one file.,5,First-pass perfect and approved.,deepseek/deepseek-v4-flash:free,2026-05-15T06:15:38.828182
55666,2,A single fix: scoping one serializer field to the requesting team.,3,no explanation provided,deepseek/deepseek-v4-flash:free,2026-05-15T06:15:53.423877
55665,3,3,3,4,deepseek/deepseek-v4-flash:free,2026-05-15T06:16:05.021974
55672,3,parse_error,3,parse_error,deepseek/deepseek-v4-flash:free,2026-05-15T06:16:26.754767
55663,3,parse_error,3,parse_error,deepseek/deepseek-v4-flash:free,2026-05-15T06:16:36.794096
55662,3,no explanation provided,3,no explanation provided,deepseek/deepseek-v4-flash:free,2026-05-15T06:16:45.982180
55664,3,Multi-file feature with validation tightening across 4 files.,4,Clean and approved but with minor suggestions for improvement.,deepseek/deepseek-v4-flash:free,2026-05-15T06:16:50.782428
55661,3,"The PR involves multiple file changes across 6 files, tightening timeout and retry policies and changing the overlap policy in a Temporal workflow.",3,The PR received one approval but automated bot reviews identified potential unintended effects (unlimited retries) and an author response indicating the timeout change is fine.,deepseek/deepseek-v4-flash:free,2026-05-15T06:17:33.144233
55655,3,"The PR is an architectural change touching 7 files with config and server-side lifecycle changes – could be a 4 depending on reviewer, but 3 feels right given it's multi-file feature but not inter-architectural rewrite.",3,no explanation provided,deepseek/deepseek-v4-flash:free,2026-05-15T06:17:55.732345
55653,2,"Single dependency bump, multi- file with lockfile adjustments.",4,"Clean, well-explinated, tested, but a minor review nit about socket2 resolved.",deepseek/deepseek-v4-flash:free,2026-05-15T06:17:58.961389
55651,3,"3: Multi-file feature involving 69 added lines, 2 files, logic in serializer and test updates",4,"4: Clean PR with approved review, good tests, no reverted changes, but minor discussion on parameterization",deepseek/deepseek-v4-flash:free,2026-05-15T06:18:01.748299
55648,1,no explanation provided,1,no explanation provided,deepseek/deepseek-v4-flash:free,2026-05-15T06:18:15.503144
55654,3,"One minor test gap noted, but PR is clean and approved.",4,no explanation provided,deepseek/deepseek-v4-flash:free,2026-05-15T06:18:43.108833
55647,1,This is a documentation-only PR covering failure pattern documentation in two text files.,3,The PR passed first-review but the author expressed concern about test coverage. Feature is not validated before review.,deepseek/deepseek-v4-flash:free,2026-05-15T06:18:48.033590
55646,2,Single dependency version bump with minimal code changes.,5,"First-pass perfect with thorough description, test plan, risk analysis, and upstream bugfix context.",deepseek/deepseek-v4-flash:free,2026-05-15T06:18:52.337204
55644,3,Multi-file feature adding three system tables with tests and schema updates,5,Clean PR with both human approvals and minor automated suggestions,deepseek/deepseek-v4-flash:free,2026-05-15T06:19:04.764607
55645,3,Multi-file feature with moderate architectural implications,3,"Several significant issues required changes (blocking sync calls, event duplication, lazy ORM access), with a second approval after addressing comments",deepseek/deepseek-v4-flash:free,2026-05-15T06:19:17.372000
55642,3,parse_error,3,parse_error,deepseek/deepseek-v4-flash:free,2026-05-15T06:19:28.876551
55639,3,Multi-file fix spanning 6 files and ~142 changes.,3,Approved but not first-pass perfect; a bot raised a hidden omission in parseTrackingParams.,deepseek/deepseek-v4-flash:free,2026-05-15T06:19:42.572758
55638,2,"A straightforward, single-focus perf fix that adds HTML attributes (lazy-loading and dimensions) to two files with no logic, API, or data model changes.",4,"The fix was approved on first pass with no rework cycles, though the explicit dimensions may need server-side thumbnails for a more complete fix.",deepseek/deepseek-v4-flash:free,2026-05-15T06:19:51.323152
55637,3,Multi-file feature adding test logic showcasing org-level kill switch.,4,"Description thorough, diff test coverage, approved.",deepseek/deepseek-v4-flash:free,2026-05-15T06:19:54.252476
55634,2,"One approval, no revisions, no revert, includes a well-written test demonstrating the fix for a SQL injection vector.",4,no explanation provided,deepseek/deepseek-v4-flash:free,2026-05-15T06:19:58.758256
55632,2,single fix: adding test coverage and hardening response headers,4,clean with one non-actionable inline review comment already resolved by final submitted test,deepseek/deepseek-v4-flash:free,2026-05-15T06:20:16.746354
55631,3,no explanation provided,4,no explanation provided,deepseek/deepseek-v4-flash:free,2026-05-15T06:20:19.736987
55633,3,"PR adds per-partner rate limits across multiple provisioning endpoints, requiring changes in views and tests.",3,"Initial version had reviews that requested fixes, requiring 2-3 revisions.",deepseek/deepseek-v4-flash:free,2026-05-15T06:20:32.169850
55627,4,Architectural feature with cross-group integration and new extension points.,4,"Clean, well-tested after multiple rigorous revisions; minor side-effect noted.",deepseek/deepseek-v4-flash:free,2026-05-15T06:20:43.320843
55630,3,parse_error,3,parse_error,deepseek/deepseek-v4-flash:free,2026-05-15T06:20:59.167677
55621,2,"The change is one-line, fixes a direct oversight from a previous PR, and is in infrastructure configuration.",4,"The change was reviewed, approved, and deployed to prod and dev, with config testing.",deepseek/deepseek-v4-flash:free,2026-05-15T06:21:01.455966
55620,4,"Multiple rework cycles, architectural changes (migration, token model, viewset, frontend UI, rate-limit hardening after initial review).",4,"Many inline feedback addressed, final approval with nits, CI passes, documentation added.",deepseek/deepseek-v4-flash:free,2026-05-15T06:21:04.839936
55618,2,This is a single-line fix addressing a clear functional bug.,4,"The PR is clean, well-documented, approved, and deployed with only one file change.",deepseek/deepseek-v4-flash:free,2026-05-15T06:21:06.006726
55617,4,"Architectural change because it switches the execution mode from async to sync across frontend and backend with a rollout flag, telemetry and timeout handling.",4,Clean PR with extensive testing and rollout flag safety but two inline review suggestions point to maintainability issues.,deepseek/deepseek-v4-flash:free,2026-05-15T06:21:10.689835
55616,3,"PR is a single-file migration adding a new temporary table with partition_by_hash, which is moderate complexity.",4,"PR was clean, received one review comment that was promptly addressed and approved, with no rework cycles.",deepseek/deepseek-v4-flash:free,2026-05-15T06:21:23.274639
55614,3,3 = multi-file fix (two files) with small changes addressing a clear bug; not architectural.,4,"4 = clean, minimal diff with detailed problem statement, two approvals, and clear testing result.",deepseek/deepseek-v4-flash:free,2026-05-15T06:21:32.398955
55613,3,"4, because the code is clean with minor feedback only, and no reverted or broken results were posted.",4,no explanation provided,deepseek/deepseek-v4-flash:free,2026-05-15T06:21:35.541534
55608,3,parse_error,3,parse_error,deepseek/deepseek-v4-flash:free,2026-05-15T06:21:38.098147
55607,4,"The PR is clean, well-tested, and addresses a real bug, with only minor review feedback.",4,no explanation provided,deepseek/deepseek-v4-flash:free,2026-05-15T06:21:42.212222
55605,2,The regex was aligned with the backend but a diverging regex in a sibling dialog was not fixed; no tests added; but the fix is correct and deployed quickly.,3,no explanation provided,deepseek/deepseek-v4-flash:free,2026-05-15T06:21:52.340200
55606,3,parse_error,3,parse_error,deepseek/deepseek-v4-flash:free,2026-05-15T06:21:55.025611
55603,3,"The PR modifies 16 files (3455 added, 375 removed) across serializers, viewsets, test coverage, OpenAPI specs, making it a multi-file feature with architectural facets but not a major feature (4) given it is follow-up work.",3,"Reviewer comments (inline) request improvements such as format restrictions and test parametisation, corresponding to the '2-3 revisions' in PR lifecycle. Nevertheless tests largely pass.",deepseek/deepseek-v4-flash:free,2026-05-15T06:22:39.392004
55604,3,The change is across two files with a careful all by a name; the char is multi-file but straightforward tagging.,5,"The PR is clean, first-pass, but the reviewer's leak concern already and the open conversation joins.  The only extra is a doc comment. No two reversions.",deepseek/deepseek-v4-flash:free,2026-05-15T06:23:08.029749
55598,3,parse_error,3,parse_error,deepseek/deepseek-v4-flash:free,2026-05-15T06:23:14.397171
55596,3,parse_error,3,parse_error,deepseek/deepseek-v4-flash:free,2026-05-15T06:23:17.743867
55600,4,"Architectural change, multi-file",3,Multiple bot reviews with issues,deepseek/deepseek-v4-flash:free,2026-05-15T06:23:50.719797
55591,3,Time to quality evaluation,4,Finally complexity evaluation,deepseek/deepseek-v4-flash:free,2026-05-15T06:23:55.797230
55590,3,parse_error,3,parse_error,deepseek/deepseek-v4-flash:free,2026-05-15T06:24:05.279847
55592,3,"The PR adds a new webhook source with 8 files and moderate additions, following an existing pattern, but is not an architectural redesign or a major feature spanning multiple subsystems.",4,"The PR includes thorough tests, though some issues were identified and fixed in subsequent edits, but overall quality is clean.",deepseek/deepseek-v4-flash:free,2026-05-15T06:24:07.851239
55588,1,"One file changed, cosmetic string edits only, no logic changes.",5,"single commit, approved with no requested changes, first-pass perfect.",deepseek/deepseek-v4-flash:free,2026-05-15T06:24:20.380679
55587,4,"The PR implements an architectural change for resumability across multiple endpoints, with custom fan-out logic.",5,"First-pass perfect with thorough automated tests, clean approvals, and no rework cycles.",deepseek/deepseek-v4-flash:free,2026-05-15T06:24:29.462679
55584,2,"Single file change adding a UI column, no logic or data model changes.",5,"First-pass perfect, approved directly with no revisions needed.",deepseek/deepseek-v4-flash:free,2026-05-15T06:24:42.639097
55583,4,Architectural refactor of a data warehouse source to be resumable,4,Clean refactor with two minor issues addressed,deepseek/deepseek-v4-flash:free,2026-05-15T06:25:02.493191
55579,4,"This is an architectural change converting MetaAdsSource to ResumableSource with new resume config, pagination refactor, and test additions.",4,"Multiple bugs were caught in review but were promptly fixed, resulting in a clean PR after revisions.",deepseek/deepseek-v4-flash:free,2026-05-15T06:25:27.997044
55585,3,"PR transitions Bing Ads source from SimpleSource to ResumableSource, across multiple files, following existing patterns.",4,"PR had minor discussions (test internals, double Redis) that were resolved, with clean code and passing tests.",deepseek/deepseek-v4-flash:free,2026-05-15T06:26:05.620808
55577,3,"A single-file change, but architecture-level (memory management, connection handling).",3,"Correct and tested, but inline feedback suggests the fix could be improved.",deepseek/deepseek-v4-flash:free,2026-05-15T06:26:11.788541
55575,4,"PR was approved by a human reviewer, but had security concerns (team_id not isolated in SQL) from automated review, later fixed.",3,no explanation provided,deepseek/deepseek-v4-flash:free,2026-05-15T06:26:19.255539
55578,3,no explanation provided,3,no explanation provided,deepseek/deepseek-v4-flash:free,2026-05-15T06:26:22.801587
55574,3,"Clean PR with single approval, test pass, clean commits, not reverted.",4,no explanation provided,deepseek/deepseek-v4-flash:free,2026-05-15T06:26:44.155675
55572,3,"Clean code with strong test coverage, approved by reviewers with resolved concerns.",4,no explanation provided,deepseek/deepseek-v4-flash:free,2026-05-15T06:26:50.927845
55573,3,"A multi-file refactor (5 files) that moves temporal configs from CdpConfig to a dedicated LlmAnalyticsConfig, but no architectural or major feature changes.",4,"The PR was approved with one minor non-blocking suggestion from a bot, and deployments succeeded.",deepseek/deepseek-v4-flash:free,2026-05-15T06:26:53.772775
55570,2,"Single-file change: purely additive analytics expansion with no schema, migration, or API contract changes.",4,"Approved by human reviewer with no regression; existing tests continue to pass, and only minor bot suggestions for future improvement.",deepseek/deepseek-v4-flash:free,2026-05-15T06:26:57.911018
55569,2,"The initial code had a bug with accessing properties on potentially null/undefined error object, caught and fixed in review, making it clean with one revision.",3,no explanation provided,deepseek/deepseek-v4-flash:free,2026-05-15T06:27:00.352662
55567,4,2-3 revisions,4,no explanation provided,deepseek/deepseek-v4-flash:free,2026-05-15T06:27:30.153603
55566,2,"Passed CI, deployed cleanly, approved without revisions—no rework or issues.",5,no explanation provided,deepseek/deepseek-v4-flash:free,2026-05-15T06:27:36.727408
55565,3,"Multi-file feature that unifies backend webhooks, removes a stub endpoint, and adds feature-flag gating across 10 files.",4,"Clean PR with only minor code-review comments (duplicate constant, sync call, duplicate test helper) and an approval.",deepseek/deepseek-v4-flash:free,2026-05-15T06:28:00.102182
55568,2,Single-line change fixing a bug caused by a migration.,4,"Clean fix with thorough testing and clear description, no rework needed.",deepseek/deepseek-v4-flash:free,2026-05-15T06:28:16.000647
55560,2,"The PR was approved with minor suggestions and no rework cycles, indicating the fix is effective and the code is clean.",4,no explanation provided,deepseek/deepseek-v4-flash:free,2026-05-15T06:29:30.487275
55564,3,It is multi-file feature,3,It is clean but had 2-3 revisions,deepseek/deepseek-v4-flash:free,2026-05-15T06:30:02.096464
55559,3,"This is a multi-file feature with a clear architectural change (regex-only body, guard attribute unwrap, skip parse when PII-only).",4,"Detailed description, test coverage updated for new behavior, and review feedback outside the diff; clean overall.",deepseek/deepseek-v4-flash:free,2026-05-15T06:30:38.223677
55557,4,Architectural change introducing a new resumable source pattern and Redis-backed resume config across all client pagination.,4,"Clean implementation with thorough test coverage; one substantive checkpoint-safety feedback was addressed promptly with aligned tests, and approvals from reviewers.",deepseek/deepseek-v4-flash:free,2026-05-15T06:30:48.849450
55558,4,"Architectural change converting a SimpleSource to a ResumableSource with two distinct pagination patterns, a new dataclass, and test coverage.",3,"Multiple rework cycles (five commits) to address critical data-loss bugs, logging inconsistency, and test flakiness, though all concerns were ultimately fixed.",deepseek/deepseek-v4-flash:free,2026-05-15T06:30:51.196284
55556,3,"PR has 2-3 revisions (author attended to comments), but not first-pass perfect (some rework on query field removal).",4,no explanation provided,deepseek/deepseek-v4-flash:free,2026-05-15T06:31:05.927282
55553,5,Multi-file change introducing new logic for conditional schedule pausing.,3,Well-tested but with critical bug in legacy DAG path identified by reviewers.,deepseek/deepseek-v4-flash:free,2026-05-15T06:31:14.630147
55551,5,"Review comments flagged duplicated constants and permission gaps, but those were fixed in follow-ups, and the PR shipped with the intended non-gating CI passing",4,no explanation provided,deepseek/deepseek-v4-flash:free,2026-05-15T06:31:34.006454
55544,3,PR author responded to bot review issues with follow-up commit; bot reviews identified edge cases prevented scenario in initial fix,4,no explanation provided,deepseek/deepseek-v4-flash:free,2026-05-15T06:31:45.468242
55540,4,Architectural change involving multi-file refactor with extracted helper functions and new YAML flag affecting 6 query kinds.,4,"Clean, well-tested PR with 124 passing tests, approved by one reviewer, but flagged by bot for two minor (P2) issues and lacking manual live-server verification.",deepseek/deepseek-v4-flash:free,2026-05-15T06:31:55.059494
55539,4,"PR is an architectural refactor with shared LogParser module, new scorer infrastructure, changes spanning 23 files and 2717 adds.",4,no explanation provided,deepseek/deepseek-v4-flash:free,2026-05-15T06:32:04.929456
55537,4,"Multi-file feature (1852 added, 22 removed, 23 files) introduces new Go package and frontend code for bot classification.",3,"PR has unresolved self-comments, flagged data correctness issues (P1), and was reverted, indicating quality was not clean or excellent.",deepseek/deepseek-v4-flash:free,2026-05-15T06:32:09.903119
55541,4,"The PR is clean and reviewed, though there are some code review comments resolved",4,no explanation provided,deepseek/deepseek-v4-flash:free,2026-05-15T06:32:30.151215
55536,3,Multi-file feature with a new shared component and filter translation logic,3,The PR had several code review comments but was approved and deployed,deepseek/deepseek-v4-flash:free,2026-05-15T06:32:33.268990
55530,3,parse_error,3,parse_error,deepseek/deepseek-v4-flash:free,2026-05-15T06:32:55.219262
55529,3,Multi-file feature adding six bot patterns and moving a test file.,4,Clean change passed all tests and got quick approvals with only a minor code style suggestion.,deepseek/deepseek-v4-flash:free,2026-05-15T06:33:27.174253
55534,3,The PR is a substantial multi-file feature adding a new detached mode across 19 files but without a full architectural rewrite.,3,"The PR passed review with some concerns and bot comments caught issues later, indicating multiple revision cycles.",deepseek/deepseek-v4-flash:free,2026-05-15T06:34:03.208258
55525,3,Quality is moderate due to unresolved inline comments from bot reviews. Complexity is moderate as updating a single documentation file with detailed new content.,3,no explanation provided,deepseek/deepseek-v4-flash:free,2026-05-15T06:34:16.345022
55526,3,parse_error,3,parse_error,deepseek/deepseek-v4-flash:free,2026-05-15T06:34:21.012682
55520,3,"The change touches 6 files including model, admin, query runner, and migration.",3,Approved but has some unresolved review issues regarding duplicate DB calls and untested code paths.,deepseek/deepseek-v4-flash:free,2026-05-15T06:34:50.841595
55522,3,"Multi-file feature that adds a new minifilter type, components, filtering logic, and pagination across 42 files.",3,"Clean but required several fix commits to address bugs like retry blocking, order, deep-link type, and error handling.",deepseek/deepseek-v4-flash:free,2026-05-15T06:35:03.004027
55516,2,Single fix to a single file.,4,Approved by two reviewers with non-blocking bot comment.,deepseek/deepseek-v4-flash:free,2026-05-15T06:35:09.582855
55518,3,parse_error,3,parse_error,deepseek/deepseek-v4-flash:free,2026-05-15T06:35:27.232007
55511,3,"This PR had multiple reviewer approvals, addressed inline feedback, passed tests and was successfully deployed with no reverted issues across all environments, so it is clean but with a minor revision cycle.",4,no explanation provided,deepseek/deepseek-v4-flash:free,2026-05-15T06:35:29.175974
55510,2,"Single-line additive fix sorting an array alphabetically, no architectural change.",4,"Clean, single additive line with clear reasoning, approved by bot, deployed to production.",deepseek/deepseek-v4-flash:free,2026-05-15T06:35:33.372085
55509,3,parse_error,3,parse_error,deepseek/deepseek-v4-flash:free,2026-05-15T06:36:12.648585
55508,4,This PR is approved but has unresolved comments about import type and duplication shows it needed revisions.,3,no explanation provided,deepseek/deepseek-v4-flash:free,2026-05-15T06:36:16.015793
55500,3,Multi-file performance optimization targeting a specific metric type.,4,"Approved with clear rationale, testing, and acknowledements of trade-offs, though not first-pass perfect.",deepseek/deepseek-v4-flash:free,2026-05-15T06:36:26.749074
55497,3,"The change is clean overall with tests passing and addressing review feedback, but had some minor rework cycles.",4,no explanation provided,deepseek/deepseek-v4-flash:free,2026-05-15T06:36:44.506935
55496,2,"Single file, single fix, adds one function call to sync issues to ClickHouse during demo data generation.",4,"One clean commit with minor improvements suggested by automated review, but overall solid and deployed.",deepseek/deepseek-v4-flash:free,2026-05-15T06:37:04.910732
55503,2,"The change is a single-file fix, small rework type, modifying one file for free accounts UX issue.",4,"The change is approved and minimal rework needed, final quality score 4.",deepseek/deepseek-v4-flash:free,2026-05-15T06:37:08.703332
55495,3,"This PR adds a new MCP tool for insight variables, updates agent prompting across 28 files, and fixes a query wrapper issue, making it a multi-file feature.",4,"The PR was approved with one review, and the only noted issue was a redundant .describe() in auto-generated code; overall it seems clean.",deepseek/deepseek-v4-flash:free,2026-05-15T06:37:43.950684
55493,3,"The fix spans three files and involves resolving a missing tabId key for scene logic, which is not trivial.",2,"The PR was reverted, indicating it likely broke something, had agent-authored changes without manual testing, and had critical comments.",deepseek/deepseek-v4-flash:free,2026-05-15T06:38:05.580813
55491,3,parse_error,3,parse_error,deepseek/deepseek-v4-flash:free,2026-05-15T06:38:28.296503
55489,3,Multi-file feature addition affecting 8 files with 109 lines changed.,4,"Clean implementation with tests, approved without revisions, not reverted.",deepseek/deepseek-v4-flash:free,2026-05-15T06:38:39.374115
55490,4,"Multi-file feature with 12 files, 1371 added lines, including new skill documentation, scripts, and reference playbooks across multiple metric types.",4,"The PR is approved with only three minor code-quality comments from a bot, all accepted by the author; overall clean and well-structured.",deepseek/deepseek-v4-flash:free,2026-05-15T06:38:44.424348
55486,3,"The PR adds a new component, alters existing components, renames files, and updates version — multi-file feature across several files, but not an architectural change.",3,"The PR received multiple code review comments about accessibility issues (wrong role) and uncovered unused imports, indicating that it needed revisions.",deepseek/deepseek-v4-flash:free,2026-05-15T06:39:15.386956
55484,3,no explanation provided,4,no explanation provided,deepseek/deepseek-v4-flash:free,2026-05-15T06:39:22.798996
55482,3,no explanation provided,4,"The PR is clean, has multiple tests, and the review was approved.",deepseek/deepseek-v4-flash:free,2026-05-15T06:40:25.440610
55483,4,"Wait if I need more than 1 item to get the time, not because it's taking long.",4,no explanation provided,deepseek/deepseek-v4-flash:free,2026-05-15T06:40:28.686273
55481,3,parse_error,3,parse_error,deepseek/deepseek-v4-flash:free,2026-05-15T06:40:30.783819
55477,3,"Clean, well-tested, but had minor bot feedback for parameterized tests.",4,no explanation provided,deepseek/deepseek-v4-flash:free,2026-05-15T06:41:16.812761
55476,2,Single fix in two files with a targeted exception handler.,4,Clean PR with tests but no manual testing.,deepseek/deepseek-v4-flash:free,2026-05-15T06:41:21.015159
55472,3,parse_error,3,parse_error,deepseek/deepseek-v4-flash:free,2026-05-15T06:43:30.782369
55469,3,no explanation provided,3,no explanation provided,deepseek/deepseek-v4-flash:free,2026-05-15T06:43:31.382370
55465,3,The fix involves a single file but requires adding new serializers and using the facade layer.,4,"The PR is clean, well-described, approved, and deployed, but it has a known follow-up issue.",deepseek/deepseek-v4-flash:free,2026-05-15T06:43:40.565287
55464,5,Implementation has a reverted status,2,no explanation provided,deepseek/deepseek-v4-flash:free,2026-05-15T06:43:50.001882
55461,5,"The code structure is complex with duplication across three branches, but the PR introduces granular tracing, spans, and restructuring with feedback about deduplication.",3,"The PR has inline feedback about code issues (duplication), addressed or not, but is approved and deployed.",deepseek/deepseek-v4-flash:free,2026-05-15T06:43:58.531403
55462,3,parse_error,3,parse_error,deepseek/deepseek-v4-flash:free,2026-05-15T06:44:05.810361
55460,2,single fix,3,2-3 revisions,deepseek/deepseek-v4-flash:free,2026-05-15T06:44:07.341234
55457,3,"The PR received a review noting a redundant call that should be refactored, but has 3–5 revisions strength though approved by multiple reviewers.",3,no explanation provided,deepseek/deepseek-v4-flash:free,2026-05-15T06:44:12.569299
55458,2,"The PR is a single-focus bug fix (character expansion and truncation) with changes to 3 files, involving only a few core logic changes.",4,"The PR is clean with two human approvals, all tests pass, deployments suceeded, and minor code style suggestions from bot are not demanded rework; the note about not end-to-end testing is a minor risk but not indicative of rework.",deepseek/deepseek-v4-flash:free,2026-05-15T06:44:25.036259
55456,2,1 < change,5,1,deepseek/deepseek-v4-flash:free,2026-05-15T06:44:27.108280
55454,3,"The PR involves changes to three files, including a backend ClickHouse query extraction for a new column and frontend rendering logic, making it a moderate multi-file feature.",5,"The PR was approved in the first review, has clean fallback handling for both old queries and missing IDs, was deployed to all environments, and had no rework cycles.",deepseek/deepseek-v4-flash:free,2026-05-15T06:44:34.347729
55451,3,"Multi-file feature adding backend sparkline serializer, frontend UI, and tests, spanning 8 files.",4,"Clean implementation with tests and approval, but minor review suggestions for improvement.",deepseek/deepseek-v4-flash:free,2026-05-15T06:44:43.117287
55449,2,"The change is a single-file documentation update with three additions (bridge skill template, spec guidance, and a removal), straightforward and simple.",4,"The diff is clean, the PR has one minor unresolved Greptile comment, but bot approval and deployment green-light, overall good quality.",deepseek/deepseek-v4-flash:free,2026-05-15T06:44:47.340952
55447,4,"Two approvals but some inline comments and a security fix were applied, with a reverted (?) commit.",3,no explanation provided,deepseek/deepseek-v4-flash:free,2026-05-15T06:44:52.388992
55453,3,parse_error,3,parse_error,deepseek/deepseek-v4-flash:free,2026-05-15T06:44:57.693184
55446,3,This PR modifies multiple files with a focused feature change to remove truncation and display full text inline.,3,The PR was approved after addressing several follow-up comments but was the not perfect initial pass.,deepseek/deepseek-v4-flash:free,2026-05-15T06:45:01.827798
55444,2,"Clean, approved, passes locally.",4,no explanation provided,deepseek/deepseek-v4-flash:free,2026-05-15T06:45:12.059881
55443,4,"The PR has a clear problem statement, defined changes, and is approved despite concerns about config inheritance",4,no explanation provided,deepseek/deepseek-v4-flash:free,2026-05-15T06:45:20.266759
55442,2,"The PR is a simple removal of a feature flag in experiments, affecting only 5 files with low change count.",5,"The PR is approved on first pass, is deployed without rework cycles, and the changes are clean despite a constructive bot comment.",deepseek/deepseek-v4-flash:free,2026-05-15T06:45:25.203175
55436,2,"Single-file fix that changes the implementation from sync_execute to execute_hogql_query, requiring careful handling of team selection and query parameterization.",4,"The author addressed the bot's concerns (exc_info improvement) and the PR description is clear, though the parameterization approach is debated and there are some test failures.",deepseek/deepseek-v4-flash:free,2026-05-15T06:45:31.334302
55435,2,Single fix to two lines in one file.,4,"Cleanly approved and deployed, with proper testing and references.",deepseek/deepseek-v4-flash:free,2026-05-15T06:45:36.556280
55434,1,"quality must be 3, as it had two reviewers pointing out incomplete sentence.",3,This is a trivial one-file doc change with no logic changes.,deepseek/deepseek-v4-flash:free,2026-05-15T06:45:40.635490
55437,2,"first-pass, after fixing type narrowing and resolving NIT comments.",4,no explanation provided,deepseek/deepseek-v4-flash:free,2026-05-15T06:45:57.399700
55432,2,"Trivial fix with approved review, manually verified, and no rework.",4,no explanation provided,deepseek/deepseek-v4-flash:free,2026-05-15T06:46:02.277666
55433,3,no explanation provided,3,no explanation provided,deepseek/deepseek-v4-flash:free,2026-05-15T06:46:09.979895
55431,2,"This is a straightforward, minimal fix that adds a 1-line registry entry plus a regression test.",3,"The PR underwent 3 revisions based on code review feedback, which indicates that the initial submission was flawed (missing execution tests and non-parameterized test structure).",deepseek/deepseek-v4-flash:free,2026-05-15T06:46:10.859941
55430,3,"PR is a multi-file single fix that aligns ingestion default with API validation, requiring coordination across files and documentation",4,"PR is clean and well-described, with only one approval and no revisions, deployed successfully",deepseek/deepseek-v4-flash:free,2026-05-15T06:46:35.798341
55429,3,"Approved but has significant issues noted in review (P1 comments about disconnect not clearing parent selection, duplicated API call)",2,no explanation provided,deepseek/deepseek-v4-flash:free,2026-05-15T06:46:41.124427
55425,2,Changes are single-file UI modifications (moving a docs link and adding a warning banner) that require no architectural or multi-file restructuring.,4,"The PR was approved without rework cycles, the bot-rev flagged issues were not in the current diff, and security wording feedback was incorporated – overall clean.",deepseek/deepseek-v4-flash:free,2026-05-15T06:47:07.124922
55428,3,Multi-file feature requiring 53 new product.yaml files and wiring into maturity/lint tooling.,3,"Multiple bugs identified in reviews (YAML parse error masking, caching failures, missing separator, weak type checks) requiring revisions rather than first-pass perfect.",deepseek/deepseek-v4-flash:free,2026-05-15T06:47:27.975087
55424,3,parse_error,3,parse_error,deepseek/deepseek-v4-flash:free,2026-05-15T06:47:30.999620
55421,3,"Single Peer review approved after one clean revision, but manual testing left for reviewer.",4,no explanation provided,deepseek/deepseek-v4-flash:free,2026-05-15T06:47:43.905049
55423,2,15 seconds,4,5,deepseek/deepseek-v4-flash:free,2026-05-15T06:47:46.012303
55408,3,parse_error,3,parse_error,deepseek/deepseek-v4-flash:free,2026-05-15T06:48:00.206969
55413,3,parse_error,3,parse_error,deepseek/deepseek-v4-flash:free,2026-05-15T06:48:00.383362
55401,2,"This is a single-file, single fix that adds table support to the markdown parser",4,"The PR has a clean test with a small code diff, but the inline formatting test has a fragile assertion that needs improvement.",deepseek/deepseek-v4-flash:free,2026-05-15T06:49:04.035876
55403,3,"The PR adds a new web analytics endpoint with a viewSet, routing, serializers, and digests in 19 files.",3,"The PR was not reverted, but reviews pointed minor issues: missing constraints in Zod schema, no parametrized tests.",deepseek/deepseek-v4-flash:free,2026-05-15T06:49:08.024167
55398,4,"Multiple serious issues found in review (compile error, missed-update window, truncation, unbounded growth) that were not caught during PR author's own review.",2,"Multiple serious issues found in review (compile error, missed-update window, truncation, unbounded growth) that were not caught during PR author's own review.",deepseek/deepseek-v4-flash:free,2026-05-15T06:49:20.845152
55394,3,parse_error,3,parse_error,deepseek/deepseek-v4-flash:free,2026-05-15T06:49:30.924743
55393,4,Approved with minor bot comments and automated tests.,4,no explanation provided,deepseek/deepseek-v4-flash:free,2026-05-15T06:49:37.308591
55391,3,PR involves multi-file redesign with architectural shift (position logic for orgs) and unresolved comment about missing trial indicator.,4,"PR passed first approval without revert, but retains unresolved P1 comment on trial indicator removal.",deepseek/deepseek-v4-flash:free,2026-05-15T06:49:43.886346
55395,5,"The migration is architectural (multi-file codegen pipeline conversion across 36 files), not a quick fix.",4,"The author iterated through multiple reviews, addressing P1 issues in follow-up commits, but the PR body acknowledges a known breaking change.",deepseek/deepseek-v4-flash:free,2026-05-15T06:50:08.948429
55384,2,"PR adds a single-file, 16-line feature to capture a PostHog event for subscription test delivery, without multi-file or architectural changes.",4,PR is clean and approved but had an inline reviewer comment suggesting a minor performance optimization.,deepseek/deepseek-v4-flash:free,2026-05-15T06:50:28.442604
55387,4,1,3,4,deepseek/deepseek-v4-flash:free,2026-05-15T06:50:40.634846
55380,3,"Clean PR with addressed automated review concerns, all tests passing",4,no explanation provided,deepseek/deepseek-v4-flash:free,2026-05-15T06:50:57.914984
55376,3,Multi-file removal spanning 13 files,3,"Single approval, clean removal",deepseek/deepseek-v4-flash:free,2026-05-15T06:51:17.202847
55373,1,"Single new skill file, purely additive documentation.",4,"Approved without rework, clean, follows best practices.",deepseek/deepseek-v4-flash:free,2026-05-15T06:51:30.023610
55372,3,"The PR includes a thorough root-cause analysis, proven fix from previous PR, and is first-pass with approval, requiring no revisions.",4,no explanation provided,deepseek/deepseek-v4-flash:free,2026-05-15T06:52:40.350898
55371,3,parse_error,3,parse_error,deepseek/deepseek-v4-flash:free,2026-05-15T06:52:58.129326
55368,4,"The PR is complex because it required upgrading a type checker, removing a baseline infrastructure across 114 files, and applying 205 type fixes, including about 70% real changes and 30% legitimate third-party stub ignores.",4,"The PR is good because it went through review (several approvals, some inline comments but only 5 from Copilot) and iteration (initial agent pass was rejected, second pass did proper fixes), and tests pass with the setup described.",deepseek/deepseek-v4-flash:free,2026-05-15T06:53:04.872817
55369,4,"Architectural change involving routing data through a new service (personhog) with fallbacks and cross-database queries, affecting 5 files.",3,"Required multiple security-related fixes from bot reviews and had some test failures, indicating it was not first-pass perfect.",deepseek/deepseek-v4-flash:free,2026-05-15T06:53:18.305072
55367,2,2,4,"The PR is a simple, clean single-line timeout increase, approved by a reviewer, though deployment status shows success, but the test failures flagged by CI are unrelated to this change.",deepseek/deepseek-v4-flash:free,2026-05-15T06:53:29.065119
55363,2,"Single-UI tweak with optional prop across 2 files, low complexity.",4,"Clean, approved, low risk, good description and test image.",deepseek/deepseek-v4-flash:free,2026-05-15T06:53:32.462811
55357,3,Multi-file feature involving new throttle class.,3,Multiple revisions due to review feedback and CI issues.,deepseek/deepseek-v4-flash:free,2026-05-15T06:53:41.734925
55359,3,"multi-file feature with 3 files, 125 additions",3,approved but 2-3 revisions from inline suggestions,deepseek/deepseek-v4-flash:free,2026-05-15T06:53:42.115134
55352,3,"This is 2 files, but not architectural; 3 fits for multi-file feature.",4,"It was approved and deployed, never reverted, and clean ref to fix latency metrics.",deepseek/deepseek-v4-flash:free,2026-05-15T06:53:56.636322
55355,3,parse_error,3,parse_error,deepseek/deepseek-v4-flash:free,2026-05-15T06:54:06.140259
55349,3,"PR touches multiple files (9) with a moderate refactor, not a simple single-file change.",4,"Human-approved, tests added, deployed successfully, with only minor stylistic suggestions from an automated bot.",deepseek/deepseek-v4-flash:free,2026-05-15T06:54:14.404233
55345,3,"The PR underwent multiple inline review comments and required revisions before final approval and deployment, but there are both approved and fix-it comments.",3,no explanation provided,deepseek/deepseek-v4-flash:free,2026-05-15T06:54:42.715190
55344,3,"The PR touches 4 files with 79 additions, adding a new field, validation logic, and transactional creation of a related model, which is a moderate multi-file feature.",3,no explanation provided,deepseek/deepseek-v4-flash:free,2026-05-15T06:54:47.539673
55350,2,"This is a focused single-domain fix: the original 403 guard in loadSources was broadened in 2 files (sourcesDataLogic.ts and its test) to cover transient network/abort errors, exactly the minimal change needed to fix a real production issue.",4,"All four substantive concerns raised in bot reviews were exactly addressed: the error guard is narrowed to instance of ApiError, breakpoint() is called before returning empty results to handle kea race conditions, and the test mock uses jest.requireActual to preserve the real ApiError class. The fix is focused and well-tested.",deepseek/deepseek-v4-flash:free,2026-05-15T06:55:09.759002
55342,4,"Several reviewers provided meaningful feedback on missing status handling and query correctness, requiring revisions.",3,no explanation provided,deepseek/deepseek-v4-flash:free,2026-05-15T06:55:33.083953
55340,4,This is an architectural change requiring 23 file modifications and database model additions.,3,The PR received extensive review comments including multiple P1 bugs and required at least one inline fix commit.,deepseek/deepseek-v4-flash:free,2026-05-15T06:55:36.921715
55343,4,"This is a multi-file feature adding a new PostgreSQL integration with a Django migration, backend validation, SSL handling improvements, and some ref work, requiring architectural reach (integration model, SSL, migration) and cross-cutting changes to batch export destinations",3,"The PR was initially gated, had multiple review comments on code quality (sync I/O in async context, duplicate code, migrating oversight) and some revisions, but a human approved after addressing; requiring follow-ups still",deepseek/deepseek-v4-flash:free,2026-05-15T06:56:00.828069
55338,3,parse_error,3,parse_error,deepseek/deepseek-v4-flash:free,2026-05-15T06:56:07.644299
55336,3,parse_error,3,parse_error,deepseek/deepseek-v4-flash:free,2026-05-15T06:56:13.520129
55333,2,Single fix addressing column persistence and export in sessions view.,5,"Approved without rework, deployed cleanly with minor bundle changes.",deepseek/deepseek-v4-flash:free,2026-05-15T06:57:03.104033
55332,4,"Multi-file feature introducing schema types, frontend pending update logic, backend ClickHouse query union, plus bug fix, but not major new product.",3,no explanation provided,deepseek/deepseek-v4-flash:free,2026-05-15T06:57:09.013060
55331,3,"The change is a structured multi-file documentation addition, with 8 files and substantial content.",3,"The PR underwent 2-3 revision cycles addressing bot feedback, which qualifies as moderate quality.",deepseek/deepseek-v4-flash:free,2026-05-15T06:57:13.295907
55335,1,no explanation provided,4,no explanation provided,deepseek/deepseek-v4-flash:free,2026-05-15T06:57:45.021768
55325,2,This PR is a single-file fix with two straightforward corrections (package name and Python version).,4,"The changes are correct, minimal, and received one approval with no rework cycles.",deepseek/deepseek-v4-flash:free,2026-05-15T06:58:07.815744
55324,3,"The PR touches multiple files across the stack (model, migration, serializer, temporal workflow, frontend, API types) and includes a substantive feature change.",3,"The PR required several rework commits to fix a critical workflow bug and address various review suggestions, and the hand-edited API type was later corrected.",deepseek/deepseek-v4-flash:free,2026-05-15T06:58:11.636469
55326,3,parse_error,3,parse_error,deepseek/deepseek-v4-flash:free,2026-05-15T06:58:18.583468
55315,3,"The PR is a moderate, isolated dependency upgrade with a single bug fix (3 files, 29 additions), but includes a transitive dependency bump and addresses a prior memory/performance problem.",3,"The PR was previously reverted once, is authored by an agent, tested only via Storybook diff, and after deployment one reviewer questioned potential breakage, so quality is 3 (needed 2-3 revisions).",deepseek/deepseek-v4-flash:free,2026-05-15T06:58:35.102505
55313,2,"Simple refactor of dashboard component, extracting a constant and helper function, no new feature.",3,no explanation provided,deepseek/deepseek-v4-flash:free,2026-05-15T06:58:43.877284
55310,3,parse_error,3,parse_error,deepseek/deepseek-v4-flash:free,2026-05-15T06:58:54.018386
55314,3,no explanation provided,3,no explanation provided,deepseek/deepseek-v4-flash:free,2026-05-15T06:59:13.453606
55308,3,"The change introduces a new feature across 12 files, adding multiple new API endpoints, modifying abstract base classes, and regenering API clients.",4,"The PR was approved, demonstrates good structure with a clear problem statement, and test coverage is noted as missing but the PR is still accepted for deployment.",deepseek/deepseek-v4-flash:free,2026-05-15T06:59:47.313427
55309,4,"The PR is multi-file (17 files, 274 added) and involves architectural changes to hydrate artifacts across workflows.",3,"The PR had one approval but also substantive review comments (bot-raised bugs) and 2 test failures, requiring rework.",deepseek/deepseek-v4-flash:free,2026-05-15T06:59:54.281703
55305,4,"Multi-file feature with architectural change (token resolution from UserIntegration) - 11 files, 319 added, 42 removed.",3,"2-3 revisions with minor issues (preflight asymmetry, test coverage gaps), but approved.",deepseek/deepseek-v4-flash:free,2026-05-15T07:00:01.991874
55306,3,"PR has an approved review and passes tests but a bot review flagged the missing SYNC modifier in DROP statements, indicating a consistency issue.",3,no explanation provided,deepseek/deepseek-v4-flash:free,2026-05-15T07:00:04.762742
55303,4,"The PR introduces a new UserIntegration model with GitHub-only support, moves GH helpers, and updates API routes, requiring a moderate architectural shift.",3,"The PR went through several review revisions with suggestions and feedback, indicating a quality that is not first-pass perfect but is overall solid.",deepseek/deepseek-v4-flash:free,2026-05-15T07:00:56.045201
55302,3,parse_error,3,parse_error,deepseek/deepseek-v4-flash:free,2026-05-15T07:01:12.457797
55304,3,parse_error,3,parse_error,deepseek/deepseek-v4-flash:free,2026-05-15T07:01:18.906873
55297,3,"The PR adds a new API endpoint, serializer, concurrent index migration, and frontend components across 15 files.",3,"The PR is approved and deployed, but has two inline reviewer comments (P1 and P2) that require fixes and one bot-flagged test assertion issue.",deepseek/deepseek-v4-flash:free,2026-05-15T07:01:36.223848
55299,4,"Architectural change: new helper function, routing through authentication, view changes, rate limiting, celery task, 7 files.",3,"One changes requested, multiple inline comments, ultimately approved, not first-pass perfect but clean.",deepseek/deepseek-v4-flash:free,2026-05-15T07:01:37.971137
55296,2,"Simple removal of a feature flag across multiple files, minimal logic changes.",4,"Clean, approved with no rework, tested and deployed.",deepseek/deepseek-v4-flash:free,2026-05-15T07:01:50.525608
55294,2,One fix to 10 files in 3-4 revisions,4,"One approval, no rework, test updates that deploy passed",deepseek/deepseek-v4-flash:free,2026-05-15T07:02:01.898507
55295,3,"Multi-file feature requiring root cause analysis of ClickHouse cluster routing, but the fix is straightforward.",4,"Clean with thorough root cause analysis, one revision cycle, and automated tests passing.",deepseek/deepseek-v4-flash:free,2026-05-15T07:02:02.161495
55291,3,The PR adds deep linking across two files with query parameters and error states.,3,"The PR has bugs: integration_id not forwarded, success icon on error, OAuth error path not forwarding params, so needs revisions.",deepseek/deepseek-v4-flash:free,2026-05-15T07:02:09.280685
55285,3,"Implementation spread across 1 new file + 3 changes, includes multiple filters and live-run vs dry-run logic, but does not cross subsystem boundaries.",4,"Solid unit tests (13), E2E validation, clean approvals, but minor review suggestions (e.g. null exclusion, param test) remain.",deepseek/deepseek-v4-flash:free,2026-05-15T07:02:15.887622
55292,4,"2-3 revisions: multiple bugs (double-scoped group, race condition, TEMP timeout) found during review that required fixes",3,no explanation provided,deepseek/deepseek-v4-flash:free,2026-05-15T07:02:22.868881
55284,3,Multi-file change with non-finite float handling and orjson integration that required a careful analysis. Not major architecturally.,4,"Clean, tested, reviewed, with minor suggestions for refinement (parameterization).",deepseek/deepseek-v4-flash:free,2026-05-15T07:02:25.467212
55282,2,"This PR is a single-file change that adds a Prometheus counter and logging, which is a simple observability improvement.",4,"The PR has one approver, passes dev/prod deployment, and the author justifies a single discussion point. No reverts or major rework cycles.",deepseek/deepseek-v4-flash:free,2026-05-15T07:02:31.960448
55281,3,Multi-file feature adding iOS-specific minimum duration setting with UI component and trigger logic,4,Clean code with minor review suggestions; approved with one human review,deepseek/deepseek-v4-flash:free,2026-05-15T07:02:47.661905
55283,4,"This is a multi-file architectural cleanup involving removal of dead streaming code, feature flag consolidation, naming cleanup, and test fixes across 43 files",3,"The PR was approved and deployed, but it left behind dead constants and a duplicate constant definition, and failed tests indicate the cleanup was not thorough",deepseek/deepseek-v4-flash:free,2026-05-15T07:02:52.772563
55279,3,"The PR had two inline review suggestions (repeated imports and substring matching) that were addressed, but it is not first-pass perfect.",3,no explanation provided,deepseek/deepseek-v4-flash:free,2026-05-15T07:02:57.286365
55277,4,late now,4,late later,deepseek/deepseek-v4-flash:free,2026-05-15T07:03:14.522121
55280,3,2-3 revisions needed based on inline code review suggestions.,3,no explanation provided,deepseek/deepseek-v4-flash:free,2026-05-15T07:03:16.255973
55276,2,Single file revert to restore previous working state.,3,"Revert of a previous broken change, clean revert with approvals.",deepseek/deepseek-v4-flash:free,2026-05-15T07:03:20.177717
55275,5,"Agent-authored, discussion thread, approved with suggestions; still outcome—stop->4 (4).",4,no explanation provided,deepseek/deepseek-v4-flash:free,2026-05-15T07:03:25.050326
55274,2,"This is a single-feature, multi-file enhancement moving UI components with a moderate scope.",3,"Two bot-review concerns (indentation and copy mismatch) were flagged and addressed, but the PR was subsequently approved.",deepseek/deepseek-v4-flash:free,2026-05-15T07:03:46.904763
55268,2,The change is a single-file fix that swaps default and reorders auth options.,3,The PR was approved but had comments pointing out a caption inconsistency that needs to be fixed for consistency.,deepseek/deepseek-v4-flash:free,2026-05-15T07:03:48.348329
55267,4,"This is an architectural multi-file feature adding a new printer dialect, requiring changes across 15 files.",4,"While several changes were requested and addressed, the PR is clean, well-tested, and approved.",deepseek/deepseek-v4-flash:free,2026-05-15T07:03:51.460982
55264,3,parse_error,3,parse_error,deepseek/deepseek-v4-flash:free,2026-05-15T07:03:55.851901
55263,2,Single-file change with 13 added lines.,3,Contains a non-functional button (P1 issue) and duplicate copy (P2) despite approvals.,deepseek/deepseek-v4-flash:free,2026-05-15T07:04:04.313441
55262,3,parse_error,3,parse_error,deepseek/deepseek-v4-flash:free,2026-05-15T07:04:13.981312
55265,4,"Code passed all reviewations with only single rework, quality_quality_checked",4,One sentence explaining quality,deepseek/deepseek-v4-flash:free,2026-05-15T07:04:49.036668
55260,3,parse_error,3,parse_error,deepseek/deepseek-v4-flash:free,2026-05-15T07:04:56.151381
55258,4,"The change is architectural in nature because it addresses a design-level concern (error propagation across a daemon thread boundary in a temporal data source), not a trivial typo fix.",5,"The PR is cleanly merged with two approvals and no rework cycles, a first-pass perfect.",deepseek/deepseek-v4-flash:free,2026-05-15T07:05:00.973305
55259,2,"The PR is approved with only two minor inline suggestions, indicating it is clean and not reworked.",4,no explanation provided,deepseek/deepseek-v4-flash:free,2026-05-15T07:05:18.554135
55257,3,"Multi-file change with 4 files, but small diff (28 added, 39 removed) that replaces a tuple output to a Pydantic model object",4,"Approved directly by human reviewer without revisions, small change cleaned up output contract, clear and concise",deepseek/deepseek-v4-flash:free,2026-05-15T07:05:23.727358
55251,2,The PR fixes a single-file workflow problem by changing one file to force-reset a branch.,3,The PR is approved with a few code-review suggestions (P1 and P2) but no major rework cycles.,deepseek/deepseek-v4-flash:free,2026-05-15T07:05:49.887549
55252,3,"Clean, tests updated, PR approved.",4,no explanation provided,deepseek/deepseek-v4-flash:free,2026-05-15T07:06:05.969112
55247,2,"The PR is a single-file fix adding schema validation for a delay duration field in an API serializer, with corresponding tests.",4,"The PR has a clean description, unit tests reproducing the reported issue, and while it received one approval and inline review suggesting minor refactor, it is well-structured.",deepseek/deepseek-v4-flash:free,2026-05-15T07:06:20.395196
55250,5,The code wasn't initially tested and there were many rework cycles.,2,no explanation provided,deepseek/deepseek-v4-flash:free,2026-05-15T07:06:24.518632
55244,3,Code has a critical bug (invalid Dagster API syntax) and a minor unmasked request type issue despite good description.,2,no explanation provided,deepseek/deepseek-v4-flash:free,2026-05-15T07:07:07.453372
55246,3,parse_error,3,parse_error,deepseek/deepseek-v4-flash:free,2026-05-15T07:07:15.804769
55243,4,"The quality was okay, the complexity is moderate",3,"The quality is okay, but not perfect",deepseek/deepseek-v4-flash:free,2026-05-15T07:07:18.945314
55241,1,"Single file docs-only move (247 added lines) with no code changes, approved in one pass, and straightforward relocation.",5,"First-pass perfect: copy-paste move, verified via existing docs wiring, approved, deployed without issues.",deepseek/deepseek-v4-flash:free,2026-05-15T07:07:19.989834
55240,3,"Approved review, one pass first-pass perfect, test pass and local run, no rework cycles.",5,no explanation provided,deepseek/deepseek-v4-flash:free,2026-05-15T07:07:25.222924
55238,3,Multi-file feature with backend SQL and frontend UI changes but relatively small scope.,4,"Clean code with minor fixes, addressing all comments, no rework cycles.",deepseek/deepseek-v4-flash:free,2026-05-15T07:07:56.177987
55236,1,Single line change (true to false) fixing a UI default misalignment.,4,"Passed review without rework, deployed cleanly, but lacked automated tests.",deepseek/deepseek-v4-flash:free,2026-05-15T07:08:29.481921
55237,2,"Complexity is moderate because the PR adds a LemonTabs component and adjusts headings, but changes are limited to one file (83 added, 66 removed) with no architectural or multi-file changes.",4,"Quality is good because the PR was approved, deployed smoothly (to dev, prod-us, prod-eu), and the diff is clean and focused — no rework cycles.",deepseek/deepseek-v4-flash:free,2026-05-15T07:08:56.497051
55235,4,"The PR is a multi-file feature (16 files, 178 additions) introducing team-level defaults, API, migration, and UI changes.",2,The PR has two identified issues: one P2 (redundant fetch) and one P1 (missing argument in fingerprint recompute that would break cache lookups).,deepseek/deepseek-v4-flash:free,2026-05-15T07:09:19.021613
55234,3,"The time from commit to deploy suggests the PR was clean, with no rework cycles.",4,"The time from commit to deploy suggests the PR was clean, with no rework cycles.",deepseek/deepseek-v4-flash:free,2026-05-15T07:09:41.831260
55229,3,"The PR adds mock data, a new scoring rule, and a new eval case, requiring coordination across multiple files.",5,"The PR was approved on first review with no rework, a single P2 comment, and deployed to all environments.",deepseek/deepseek-v4-flash:free,2026-05-15T07:09:52.164557
55231,3,parse_error,3,parse_error,deepseek/deepseek-v4-flash:free,2026-05-15T07:10:18.082713
55226,2,"Multi-file dependency updates with minor migration changes, but straightforward.",4,"Clean PR with thorough testing, documentation, and minimal revisions after reviews.",deepseek/deepseek-v4-flash:free,2026-05-15T07:10:22.777049
55228,3,"The PR involves a multi-file feature (5 files) requiring careful coordination of new Kafka engine tables, materialized views, and a migration.",3,"The PR has a clean description and one approval, but a P1 issue about missing cloud-only guard was flagged during review, indicating rework cycles.",deepseek/deepseek-v4-flash:free,2026-05-15T07:10:24.820355
55225,4,"The PR was reviewed carefully with cross-team approvals and thorough discussions, including inline bot comments; overall it appears clean and well-handled.",4,no explanation provided,deepseek/deepseek-v4-flash:free,2026-05-15T07:10:47.613016
55220,3,parse_error,3,parse_error,deepseek/deepseek-v4-flash:free,2026-05-15T07:11:11.822835
55219,2,A single-fix multi-file change to CI workflow logic.,4,Clean fix with good analysis and successful deployment.,deepseek/deepseek-v4-flash:free,2026-05-15T07:11:15.677426
55217,3,no explanation provided,4,no explanation provided,deepseek/deepseek-v4-flash:free,2026-05-15T07:11:23.264663
55215,2,"This PR makes a single-file change to fix a macOS launchd detection issue, which is a simple, targeted fix.",4,"The code is approved, cleanly addresses the problem, includes testing, and is not reverted, indicating high quality.",deepseek/deepseek-v4-flash:free,2026-05-15T07:11:41.638377
55214,4,"4 because the PR changes 18 files, adds a new field to query tagging infrastructure across HTTP and Celery entry points, requiring schema integration and selective_related joins.",3,"3 because the PR had multiple revisions (snapshot updates), and there are bot reviews pointing out potential bugs (unhandled exception in Celery path).",deepseek/deepseek-v4-flash:free,2026-05-15T07:11:46.185637
55223,3,parse_error,3,parse_error,deepseek/deepseek-v4-flash:free,2026-05-15T07:11:46.388585
55208,2,Single CSS fix to two specific UI issues,5,"No revisions needed; clean rationale, approved, clear before/after",deepseek/deepseek-v4-flash:free,2026-05-15T07:11:55.101943
55205,2,"Some revisions needed to address inline comments (e.g. frozenset and GA rollout note), but overall clean and tested.",3,no explanation provided,deepseek/deepseek-v4-flash:free,2026-05-15T07:12:03.573007
55204,2,Single-file cleanup removing a temporary scaffolding flag.,4,"Clean, approved, deployed with no rework cycles.",deepseek/deepseek-v4-flash:free,2026-05-15T07:12:07.149519
55211,3,PR has two minor React and runtime bugs flagged in reviews but addressed inline.,3,no explanation provided,deepseek/deepseek-v4-flash:free,2026-05-15T07:12:38.929808
55202,3,no explanation provided,4,no explanation provided,deepseek/deepseek-v4-flash:free,2026-05-15T07:12:46.555609
55201,4,0,4,0,deepseek/deepseek-v4-flash:free,2026-05-15T07:12:55.814739
55203,3,"The PR touches 8 files with 353 additions, adding a new feature to infer capability groups from capabilities, which is a multi-file feature.",4,"The PR has one approval, and the inline suggestion by greptile about test style is not a rework cycle, making the quality clean but not first-pass perfect.",deepseek/deepseek-v4-flash:free,2026-05-15T07:13:05.363690
55200,3,"This is a single-file fix addressing a nuanced regression caused by an orthogonal user preference, requires careful handling to preserve the preference when switching views.",4,"The PR is approved, deployed, and the fix is correct and narrow; however, it lacks automated tests beyond regenerated visual snapshots.",deepseek/deepseek-v4-flash:free,2026-05-15T07:13:10.297865
55199,2,"Single file change, frontend-only, small addition",4,"Clean, approved, no rework cycles observed",deepseek/deepseek-v4-flash:free,2026-05-15T07:13:20.718187
55197,3,no explanation provided,3,no explanation provided,deepseek/deepseek-v4-flash:free,2026-05-15T07:14:01.622630
55194,3,"3: This is a single-component feature, not multi-file; it's a straightforward UI addition.",4,"4: Clean, low-risk, approved; one inline note about redundant condition.",deepseek/deepseek-v4-flash:free,2026-05-15T07:14:20.427344
55196,3,parse_error,3,parse_error,deepseek/deepseek-v4-flash:free,2026-05-15T07:14:40.834254
55193,2,trivial fix,5,first-pass perfect,deepseek/deepseek-v4-flash:free,2026-05-15T07:15:04.419553
55188,4,Multi-file feature with architectural significance (cross-region proxy extension) including a new endpoint and extensive testing.,4,"Clean PR with 2-3 revisions, addressed review feedback, thorough automated testing, deployed successfully.",deepseek/deepseek-v4-flash:free,2026-05-15T07:15:45.184876
55186,3,"Approved with minor fixes after inline reviews, not first-pass perfect.",4,no explanation provided,deepseek/deepseek-v4-flash:free,2026-05-15T07:16:01.051639
55184,3,Multi-file feature adding 956 lines of pure-python agent logic across 8 files.,4,"Clean PR with active reviewer collaboration and responsive fixes, despite bot-detected issues.",deepseek/deepseek-v4-flash:free,2026-05-15T07:16:10.159879
55183,3,parse_error,3,parse_error,deepseek/deepseek-v4-flash:free,2026-05-15T07:16:16.872774
55178,3,"Multi-file feature with new management command that touches env vars, OAuth, DB, and scripting across 3 files.",4,"PR received multiple automated reviews with useful suggestions, but human reviewer approved it; clean but not first-pass perfect due to bot feedback.",deepseek/deepseek-v4-flash:free,2026-05-15T07:16:21.321800
55177,2,"Approved after one minor type annotation fix from Greptile, overall clean.",4,no explanation provided,deepseek/deepseek-v4-flash:free,2026-05-15T07:16:34.738742
55185,3,parse_error,3,parse_error,deepseek/deepseek-v4-flash:free,2026-05-15T07:16:35.320748
55175,1,"Single-file, two-line change that adds a test-skip tag; trivial chore.",5,"First-pass perfect using an established pattern, approved quickly with no revisions.",deepseek/deepseek-v4-flash:free,2026-05-15T07:16:41.788774
55170,3,Two human approvals; bot flagged a metric inflation issue but overall logic seems correct.,4,no explanation provided,deepseek/deepseek-v4-flash:free,2026-05-15T07:16:50.291138
55169,1,no explanation provided,5,no explanation provided,deepseek/deepseek-v4-flash:free,2026-05-15T07:16:54.002271
55164,3,parse_error,3,parse_error,deepseek/deepseek-v4-flash:free,2026-05-15T07:17:00.384435
55163,3,parse_error,3,parse_error,deepseek/deepseek-v4-flash:free,2026-05-15T07:17:05.976727
55174,3,parse_error,3,parse_error,deepseek/deepseek-v4-flash:free,2026-05-15T07:17:43.771320
55162,3,parse_error,3,parse_error,deepseek/deepseek-v4-flash:free,2026-05-15T07:17:58.423060
55159,3,"A multi-file bug fix with logic changes and 70 additions, 10 deletions that required understanding of virtual table type unwrapping.",4,"The PR received approvals with minimal revisions, includes tests, and the reviewer comments were only minor suggestions.",deepseek/deepseek-v4-flash:free,2026-05-15T07:18:04.655662
55161,3,parse_error,3,parse_error,deepseek/deepseek-v4-flash:free,2026-05-15T07:18:10.391937
55158,5,"The PR had multiple reviews with P1 comments leading to some fixes, but required several rounds and a reviewer dismissal.",3,no explanation provided,deepseek/deepseek-v4-flash:free,2026-05-15T07:18:15.875081
55152,3,"The change is multi-file but a straightforward UI rearrangement, not architectural.",4,"The change is clean, with an approved review and screenshots.",deepseek/deepseek-v4-flash:free,2026-05-15T07:18:24.270100
55150,2,Single-file config change addressing a package conflict.,4,"Clean, tested fix with one revision addressing a minor version comment.",deepseek/deepseek-v4-flash:free,2026-05-15T07:18:28.824025
55153,5,"The PR got clean reviews but had multiple comments with change requests, blocking issues, and suggestions about data contract mismatch, casting issues, and tests requiring revisions, so quality is 3.",3,no explanation provided,deepseek/deepseek-v4-flash:free,2026-05-15T07:18:34.486662
55149,5,"Multi-file architectural feature requiring changes to both Rust and Python code, new endpoint, auth gating, and historical evaluation capability.",3,"Multiple review rounds fixed several bugs and security issues, but the PR had rework cycles and test mismatches, though it was approved and deployed.",deepseek/deepseek-v4-flash:free,2026-05-15T07:18:36.798199
55147,2,Quality constraint: approved with one useful bot comment,4,no explanation provided,deepseek/deepseek-v4-flash:free,2026-05-15T07:18:42.705579
55146,2,20,4,4,deepseek/deepseek-v4-flash:free,2026-05-15T07:18:46.236554
55145,3,3: multi-file (3 files) behavioral change requiring coordination between front. check 403/401 across queries and error definitions,4,no explanation provided,deepseek/deepseek-v4-flash:free,2026-05-15T07:18:48.492371
55142,4,"Removed legacy auth classes, renamed cache prefixes, and added URL aliases—th returns architectural refactor.",5,"Several critical structural issues flagged during review (HMAC bypass, cache prefix break, missing alias) were all fixed before merge—consistent clean pattern.",deepseek/deepseek-v4-flash:free,2026-05-15T07:18:50.875480
55140,3,parse_error,3,parse_error,deepseek/deepseek-v4-flash:free,2026-05-15T07:18:59.466357
55136,3,time allocated,3,time allocated,deepseek/deepseek-v4-flash:free,2026-05-15T07:19:15.596494
55139,2,2,3,no explanation provided,deepseek/deepseek-v4-flash:free,2026-05-15T07:19:17.662462
55135,1,"Single-file, one-line frontend configuration change.",4,"Approved, deployed, with a minor ambiguity comment but no regression.",deepseek/deepseek-v4-flash:free,2026-05-15T07:19:19.282758
55134,3,"The PR has two valid review suggestions that would improve it, but otherwise it is clean, tested, and deployed successfully, with only minor refinements needed.",4,no explanation provided,deepseek/deepseek-v4-flash:free,2026-05-15T07:19:21.771458
55132,3,"This is a multi-file feature spanning frontend, backend, and schema changes.",3,"The PR required multiple revisions (2-3) based on code review comments, but was approved and deployed.",deepseek/deepseek-v4-flash:free,2026-05-15T07:19:28.256527
55130,5,"This is a multi-file feature change that adds two new props and ref, replaces a button with a textbox to drive the filter— Complexity is 3.",5,"Bot reviews caught two unaddressed functional regressions (keyboard nav, missing dependency) plus a TS error from Graphite's inline comment— the PR got one human APPROVE but those issues are not fixed— final score is 2: quality with unresolved rework cycles.",deepseek/deepseek-v4-flash:free,2026-05-15T07:19:30.272042
55127,4,Time limit exceeded,4,One sentence,deepseek/deepseek-v4-flash:free,2026-05-15T07:19:40.292399
55123,3,parse_error,3,parse_error,deepseek/deepseek-v4-flash:free,2026-05-15T07:19:44.271295
55128,2,2-3 revisions: approved with minor issues noted.,4,"Clean, two approvals, bot and human noted minor issues like docstring and missing symmetric case.",deepseek/deepseek-v4-flash:free,2026-05-15T07:19:50.885175
55122,2,The PR is a single bug fix with minor refactoring in one file.,4,"The PR got two human approvals and is clean, despite the automated bot's valid comments about call duplication and test coverage.",deepseek/deepseek-v4-flash:free,2026-05-15T07:19:54.273438
55121,3,"Multi-step migration cleanup: 8 files, 93 added, 70 removed, database schema, model, admin, and script changes.",4,"Approved, deployed, migrations analyzed safe, tests pass, single revision.",deepseek/deepseek-v4-flash:free,2026-05-15T07:19:55.415915
55118,3,"Multiple reviewers found important unresolved concerns: prompt injection security issue and session cleanup on error paths, but PR was approved.",3,no explanation provided,deepseek/deepseek-v4-flash:free,2026-05-15T07:20:03.083355
55120,4,"Multi-file feature with architectural changes to add full-page view, shared infrastructure, multiple tabs, data fetching",3,"Approved with multiple review suggestions including bugs (null projectId URL, empty state instead of spinner, duplicated constant, interface in component)",deepseek/deepseek-v4-flash:free,2026-05-15T07:20:05.848691
55116,3,"8 files, 560 lines, new functionality, new caching, new test suites",3,"Multiple review comments on edge cases and test noise, CI test failures, though core tests pass",deepseek/deepseek-v4-flash:free,2026-05-15T07:20:21.432481
55117,4,4,5,5,deepseek/deepseek-v4-flash:free,2026-05-15T07:20:53.436395
55111,3,Multi-file change with architectural test improvements.,4,"Clean, approved, but with minor inline feedback.",deepseek/deepseek-v4-flash:free,2026-05-15T07:20:59.705956
55112,3,parse_error,3,parse_error,deepseek/deepseek-v4-flash:free,2026-05-15T07:21:25.067355
55108,2,"This PR adds logging properties and error events to existing provisioning flows, affecting only one file.",5,"The PR was approved without revisions, passed tests, and deployed successfully to multiple envs.",deepseek/deepseek-v4-flash:free,2026-05-15T07:21:33.782205
55107,3,parse_error,3,parse_error,deepseek/deepseek-v4-flash:free,2026-05-15T07:21:43.221844
55110,3,parse_error,3,parse_error,deepseek/deepseek-v4-flash:free,2026-05-15T07:22:06.551851
55104,3,no explanation provided,4,no explanation provided,deepseek/deepseek-v4-flash:free,2026-05-15T07:22:14.505037
58483,3,"Multi-file fix addressing a stale project ID issue across config, API client, and tests, but not at an architectural scale.",3,"Review comments highlight unresolved security concerns and edge cases (env-var handling, empty responses), and the description is sparse, indicating likely further revisions.",deepseek/deepseek-v4-flash:free,2026-05-15T17:03:02.887584
58332,4,"Multiple review cycles with unresolved issues including API inconsistency, pagination bugs, UI duplication, and untyped casts indicate substantial rework needed.",2,no explanation provided,deepseek/deepseek-v4-flash:free,2026-05-15T17:03:36.413152
58247,2,"Thoroughly investigated, measured, and tested; reviewer concerns addressed; clean implementation.",4,no explanation provided,deepseek/deepseek-v4-flash:free,2026-05-15T17:05:12.275749
58294,3,"Multi-file feature adding a compare toggle, new aggregation table component, and logic changes across 11 files, but using existing patterns and API.",3,"Functional feature with several bot-flagged minor issues (double runQuery, abort signal wiring, color logic) that were not fully resolved, but still approved and deployed.",deepseek/deepseek-v4-flash:free,2026-05-15T17:05:36.961748
57949,2,"Clean PR with clear problem description, thorough testing rationale, and single approval without revisions.",4,no explanation provided,deepseek/deepseek-v4-flash:free,2026-05-15T17:07:40.288695
58125,3,"Clean implementation with good tests and description, though one regression test has a minor false-positive issue noted in review.",4,no explanation provided,deepseek/deepseek-v4-flash:free,2026-05-15T17:09:43.714547
57944,3,"PR has one human approval and was deployed but received multiple review comments about test structure, performance, and semantic accuracy of features, indicating room for improvement before being perfect.",3,"PR has one human approval and was deployed but received multiple review comments about test structure, performance, and semantic accuracy of features, indicating room for improvement before being perfect.",deepseek/deepseek-v4-flash:free,2026-05-15T17:10:26.464897
57735,3,"This PR involves multi-file changes across Rust and Python to route two steps of the delete flow through personhog, adding version fields and fallback logic, making it a moderately complex refactoring.",4,"The PR is approved, deployed, and includes fallback paths; the only critique is a minor code clarity suggestion from an automated review, indicating solid quality.",deepseek/deepseek-v4-flash:free,2026-05-15T17:11:57.017592
57666,2,"This is a single fix in one function with only two lines added, addressing a specific datetime comparison crash.",3,"The fix is clean and approved by a human reviewer, but the bot identified a lack of direct test coverage for the changed code path, which is a notable quality concern.",deepseek/deepseek-v4-flash:free,2026-05-15T17:12:17.272783
57662,3,"The PR is well-documented, correctly tested, and approved without rework, demonstrating clean implementation.",4,no explanation provided,deepseek/deepseek-v4-flash:free,2026-05-15T17:14:55.671212
57642,4,"This PR is a multi-file architectural refactor that swaps the parent chart component and adds new config helpers, forming part of a larger migration stack.",3,"Though the PR was ultimately approved clean, it contained critical bugs (missing export, visual regression in CI dimming) that required revision cycles.",deepseek/deepseek-v4-flash:free,2026-05-15T17:16:12.773571
57638,2,"PR is cleanly scoped and correctly addresses the issue, though test coverage after revert could be more comprehensive.",4,no explanation provided,deepseek/deepseek-v4-flash:free,2026-05-15T17:16:57.599872
57622,1,Single-line constant change in one file with no logic modifications.,5,"First-pass perfect: clear rationale, thorough context, zero revisions, and approved without changes.",deepseek/deepseek-v4-flash:free,2026-05-15T17:18:42.217535
57621,2,"This is a straightforward removal of a filtering function and its test, affecting only two files with a clear logical change.",4,"The PR is well-described, cleanly removes obsolete code, but a reviewer noted a potential edge case with missing feature flags that could cause incorrect visibility.",deepseek/deepseek-v4-flash:free,2026-05-15T17:19:11.962948
57594,2,"Single-file fix addressing a CI performance regression with a targeted, well-explained change to git fetch behavior.",4,"Cleanly structured, approved by a reviewer, and follows established patterns, though CI verification is still pending.",deepseek/deepseek-v4-flash:free,2026-05-15T17:20:12.806774
57559,3,"This is a multi-file UI feature that removes the sample action from severity drop rules, coerces legacy data, and updates help text, but involves no architectural changes.",4,"The PR was approved and deployed successfully, but has a code review comment about dead code that could be cleaned up, keeping it from a perfect score.",deepseek/deepseek-v4-flash:free,2026-05-15T17:21:02.408864
57554,3,Multi-file bug fix with cleanup that touches 6 files and modifies several functions to resolve a ClickHouse query issue.,4,"Well-documented fix with clear problem description, approved by reviewer, deployed successfully, and includes test updates.",deepseek/deepseek-v4-flash:free,2026-05-15T17:21:23.753414
57462,2,"Single-file, straightforward addition of a pre-warm call to an existing cached function with simple guards.",5,"First-pass perfect: clear problem statement with production data, safe guards, tested, reviewed positively, and deployed without issues.",deepseek/deepseek-v4-flash:free,2026-05-15T17:22:27.895350
57448,2,Single-file refactor extracting duplicated dataset-building logic into a shared helper without behavioral changes.,5,"Clean, first-pass implementation that eliminates code duplication, preserves behavioral equivalence, and received immediate approval without rework.",deepseek/deepseek-v4-flash:free,2026-05-15T17:23:11.554305
57422,4,"Clean refactor with updated tests and multiple approving reviews, though a minor variable shadowing issue was flagged and addressed.",4,no explanation provided,deepseek/deepseek-v4-flash:free,2026-05-15T17:24:10.675180
57294,2,"Single-line bug fix with an added unit test, not a multi-file or architectural change.",4,no explanation provided,deepseek/deepseek-v4-flash:free,2026-05-15T17:24:14.264666
57250,2,"Clean, well-scoped dead-code removal with clear rationale and approvals, despite minor nit-level observations and an acknowledged local test limitation.",4,no explanation provided,deepseek/deepseek-v4-flash:free,2026-05-15T17:25:26.095073
57252,3,"Multi-file change with helper functions, error-chain walk, and test additions, but focused on a single observability improvement.",4,"Well-described, tests pass, reviews resolved cleanly with no major rework needed.",deepseek/deepseek-v4-flash:free,2026-05-15T17:28:28.496986
57247,3,"Three-file fix adding mapping-aware region fallback for refresh tokens in the OAuth proxy, building on existing client mapping infrastructure.",4,"Thorough root cause analysis and test coverage for the primary scenario, though minor code duplication and test gaps remain as noted in review.",deepseek/deepseek-v4-flash:free,2026-05-15T17:28:36.433121
57214,3,"Clean implementation with tests, approved by human reviewer, minor suggested improvements but no rework needed.",4,no explanation provided,deepseek/deepseek-v4-flash:free,2026-05-15T17:29:20.337483
57240,3,Well-tested and security-conscious PR that required minor revisions to address feedback but overall clean implementation.,4,no explanation provided,deepseek/deepseek-v4-flash:free,2026-05-15T17:29:58.532865
57155,1,"This is a single-file administrative change adding a CODEOWNERS entry, requiring no code logic or architecture considerations.",4,"The PR had one minor inline reviewer comment about a missing team on the second line, which was resolved, resulting in a clean merge with no rework cycles.",deepseek/deepseek-v4-flash:free,2026-05-15T17:32:03.658220
57147,3,"PR had several review cycles with meaningful feedback and revisions (sync->async, flush handling), and was approved after addressing concerns but not without significant discussion.",3,no explanation provided,deepseek/deepseek-v4-flash:free,2026-05-15T17:32:12.379275
56984,3,"Well-structured PR with thorough testing and responsive to review feedback, though minor inconsistencies initially required revision.",4,no explanation provided,deepseek/deepseek-v4-flash:free,2026-05-15T17:33:11.656084
57062,3,"Cleanly rooted cause, tests pass, approved by review, though some non-blocking code quality comments remain and visual verification was not done.",4,no explanation provided,deepseek/deepseek-v4-flash:free,2026-05-15T17:34:12.858146
56928,2,"Simple addition of error handling for TOO_MANY_BYTES, requiring changes across three files.",4,"Cleanly implemented with unit test and approved, though a minor test refactoring suggestion was made.",deepseek/deepseek-v4-flash:free,2026-05-15T17:35:12.747571
56952,3,Multi-file enhancement adding optional metadata fields to a core dataclass and populating 83 bot entries with documentation URLs.,3,"Well-structured PR with clear problem statement and testing, but flagged for missing test coverage on new fields and a superfluous unused field.",deepseek/deepseek-v4-flash:free,2026-05-15T17:35:21.797747
56890,3,"The PR was approved, deployed successfully with no reversions, and the code is clean with parameterization and safety limits, though the description is minimal with placeholder sections.",4,no explanation provided,deepseek/deepseek-v4-flash:free,2026-05-15T17:37:07.482168
56903,2,Single-file fix adding two variables and a condition to address feature flag exclusion for specific insight types.,5,"First-pass perfect change with clear description, straightforward diff, no revisions, and both automated reviews were positive.",deepseek/deepseek-v4-flash:free,2026-05-15T17:37:59.609846
56876,4,"This PR architecturally changes distinct_id resolution from per-request to per-span with a precedence order, affecting core OTEL capture logic across multiple files.",4,"The PR is clean with comprehensive tests and addressed minor review feedback, but required some revisions after approval.",deepseek/deepseek-v4-flash:free,2026-05-15T17:39:16.889420
56838,4,"Multi-file feature with backend endpoint, ORM extraction, new kea logic, and batched frontend fetching across ~25 call sites.",3,Addressed review feedback with multiple fix commits but some issues left open for human review.,deepseek/deepseek-v4-flash:free,2026-05-15T17:39:26.622990
56626,3,"Multi-file feature adding UI button, logic action, and tests for moving playground results into conversation.",4,"Well-tested and documented PR with a minor follow-up fix for empty response guard, otherwise clean.",deepseek/deepseek-v4-flash:free,2026-05-15T17:40:49.669515
56728,4,"This PR introduces a multi-job pipeline with delta classification, new scripts, and extensive tests, representing a significant architectural change to the approval agent.",3,"While well-tested and reviewed, the PR has several review findings regarding security and edge cases, indicating some rework and not a first-pass clean review.",deepseek/deepseek-v4-flash:free,2026-05-15T17:41:19.229290
56571,3,"This is a multi-file feature that extends PII scrubbing to log attributes, requiring changes to the core scrub function, tests, and handling of edge cases.",4,"The PR is well-described, passes CI, has updated tests, and received human approval with only a minor optimization suggestion from a bot.",deepseek/deepseek-v4-flash:free,2026-05-15T17:41:57.731888
